filename,split,growth_stage,had_annotation,masked
photo_dev (1)_jpg.rf.sUf4QjGbVQOtVEYcpDdQ.jpg,train,developing,True,True
photo_dev (100)_jpg.rf.RNqLRQIHCuBC2oZtVEel.jpg,train,developing,True,True
photo_dev (101)_jpg.rf.eSiKk2GlXqRFY6Oa9neE.jpg,train,developing,True,True
photo_dev (102)_jpg.rf.pMCmIOLoDI2I3cRd2kvu.jpg,train,developing,True,True
photo_dev (104)_jpg.rf.lMh1PECQE9VPBYX3M6bH.jpg,train,developing,True,True
photo_dev (106)_jpg.rf.8JqBWMK6IPwZDvOu1wYJ.jpg,train,developing,True,True
photo_dev (107)_jpg.rf.65oGH1HGWEBTIh3NhzBl.jpg,train,developing,True,True
photo_dev (109)_jpg.rf.o7GN17qLkPf3R7wJ3ekA.jpg,train,developing,True,True
photo_dev (11)_jpg.rf.Pf20uUqY2DNbrMcLLXjJ.jpg,train,developing,True,True
photo_dev (111)_jpg.rf.lbw5FjylnUsw75DOn5Al.jpg,train,developing,True,True
photo_dev (112)_jpg.rf.VZvS7jz29BdiSkD81nWf.jpg,train,developing,True,True
photo_dev (113)_jpg.rf.Ibe3yMnCP1V0v9BlVdtg.jpg,train,developing,True,True
photo_dev (114)_jpg.rf.dGtbWw44qEwxkPZZHoTP.jpg,train,developing,True,True
photo_dev (115)_jpg.rf.BJ5sC06fu9cj25zL6kec.jpg,train,developing,True,True
photo_dev (118)_jpg.rf.lOVdHJOnV6zw1ic3YGXD.jpg,train,developing,True,True
photo_dev (119)_jpg.rf.PzGVVdAnT7Ttkf1Yooui.jpg,train,developing,True,True
photo_dev (12)_jpg.rf.Rchp7aarLd9b49XqFCVG.jpg,train,developing,True,True
photo_dev (120)_jpg.rf.KRD6zF7QAzBtct3Acrbj.jpg,train,developing,True,True
photo_dev (121)_jpg.rf.PwjDl4pBj9ErnJ1CafZe.jpg,train,developing,True,True
photo_dev (122)_jpg.rf.GhWfiIpPsg4QxBopSal2.jpg,train,developing,True,True
photo_dev (123)_jpg.rf.3uugrAShZd1yvjxNdpRB.jpg,train,developing,True,True
photo_dev (124)_jpg.rf.Pmi0IjohX4OiY3qZMild.jpg,train,developing,True,True
photo_dev (126)_jpg.rf.hCPwMYwf2ZdtwdDU4N0I.jpg,train,developing,True,True
photo_dev (127)_jpg.rf.dHWb1DK1HhQuaq8ktPqR.jpg,train,developing,True,True
photo_dev (128)_jpg.rf.6hwEVLaANW905xNqVliq.jpg,train,developing,True,True
photo_dev (129)_jpg.rf.WdzYxNsn8SbqNUD0EyYW.jpg,train,developing,True,True
photo_dev (130)_jpg.rf.0vmC4QzNzhPJPdslAC8p.jpg,train,developing,True,True
photo_dev (132)_jpg.rf.QSIBD3fRTSJzCeMaU1BD.jpg,train,developing,True,True
photo_dev (133)_jpg.rf.WTgD7JW4t9ddtRqxRHuC.jpg,train,developing,True,True
photo_dev (135)_jpg.rf.mcXO98Gk2tgL7ruxGoWJ.jpg,train,developing,True,True
photo_dev (136)_jpg.rf.ZcJU02jO9VnSRwBKq6Dp.jpg,train,developing,True,True
photo_dev (137)_jpg.rf.q1UTjhhPsyAsnxVrEVg4.jpg,train,developing,True,True
photo_dev (138)_jpg.rf.N6lM9RkDmSVmUPuoGibU.jpg,train,developing,True,True
photo_dev (139)_jpg.rf.UbugaDZTFWo5NxFW2hMn.jpg,train,developing,True,True
photo_dev (140)_jpg.rf.dzIbORIBScVxFoSeTyG9.jpg,train,developing,True,True
photo_dev (142)_jpg.rf.DWq7XeV3gRZeb9X9Y0OD.jpg,train,developing,True,True
photo_dev (143)_jpg.rf.IU3sWz0CglXafy8CtJcB.jpg,train,developing,True,True
photo_dev (144)_jpg.rf.EF92HgUVtVfXlXoGRvpZ.jpg,train,developing,True,True
photo_dev (145)_jpg.rf.Xy2e2Wp5NZNrcnmryb9V.jpg,train,developing,True,True
photo_dev (146)_jpg.rf.1mBPf0hoblrKpfrbS8wz.jpg,train,developing,True,True
photo_dev (147)_jpg.rf.ZVvarTlikJw6nBffEla2.jpg,train,developing,True,True
photo_dev (15)_jpg.rf.rZnZmVA9rQWZknfYIo0l.jpg,train,developing,True,True
photo_dev (151)_jpg.rf.SjK89zTpzUdvYyVFFpPz.jpg,train,developing,True,True
photo_dev (152)_jpg.rf.aPF52LBkRc1fhDQtY6er.jpg,train,developing,True,True
photo_dev (153)_jpg.rf.X3Ctj8LY3kl2I4nic2EO.jpg,train,developing,True,True
photo_dev (155)_jpg.rf.jFnKNkprFjBKMTzXBf0I.jpg,train,developing,True,True
photo_dev (157)_jpg.rf.6FZFrvLAHBQK8f7ZI9sa.jpg,train,developing,True,True
photo_dev (159)_jpg.rf.FXH09gpicx47qUiUcGt6.jpg,train,developing,True,True
photo_dev (16)_jpg.rf.knRVKVLmrWvxWKIPZbDN.jpg,train,developing,True,True
photo_dev (161)_jpg.rf.3b0ABhRtCHPlNRE87jaQ.jpg,train,developing,True,True
photo_dev (166)_jpg.rf.01RMct2viMVkyiBWCz07.jpg,train,developing,True,True
photo_dev (168)_jpg.rf.yPK0c8yv2Q2blO2q8rVM.jpg,train,developing,True,True
photo_dev (169)_jpg.rf.m4etIobXsc0rcL1KEG2c.jpg,train,developing,True,True
photo_dev (171)_jpg.rf.XqVUm8pdBthOQd0O4VUW.jpg,train,developing,True,True
photo_dev (172)_jpg.rf.MllvV2YYBQkvA8w2ixFB.jpg,train,developing,True,True
photo_dev (173)_jpg.rf.cwQymPi1F6XfWnXRVbIG.jpg,train,developing,True,True
photo_dev (174)_jpg.rf.KZvlNxmozEfidkJy19H8.jpg,train,developing,True,True
photo_dev (176)_jpg.rf.HBMyP0d4oawnCUHOA1DD.jpg,train,developing,True,True
photo_dev (177)_jpg.rf.oHMOA6r47Mp5dtm2BDSu.jpg,train,developing,True,True
photo_dev (179)_jpg.rf.RPtjGGTWyWBcbvL6ZzgG.jpg,train,developing,True,True
photo_dev (181)_jpg.rf.BVFzW5aibQg8acUIViEg.jpg,train,developing,True,True
photo_dev (182)_jpg.rf.6hkKnmOej403Bl06uCiW.jpg,train,developing,True,True
photo_dev (183)_jpg.rf.ZtvkfcVNQj6OwgJIPwNE.jpg,train,developing,True,True
photo_dev (184)_jpg.rf.A1hpCctrLH4z5brXlSe4.jpg,train,developing,True,True
photo_dev (185)_jpg.rf.UqUKvkHfmHBnjIonANmC.jpg,train,developing,True,True
photo_dev (19)_jpg.rf.x7bZJLJ6Nrajfb5XhQhB.jpg,train,developing,True,True
photo_dev (193)_jpg.rf.Lwp9O0P3W5pJbPltrCDO.jpg,train,developing,True,True
photo_dev (194)_jpg.rf.J50Gofhl8yKOTOaxr0gc.jpg,train,developing,True,True
photo_dev (197)_jpg.rf.GrzF5ESpYfmcVbEQi7yT.jpg,train,developing,True,True
photo_dev (198)_jpg.rf.nWyeBLABwR3jhapGtnV2.jpg,train,developing,True,True
photo_dev (2)_jpg.rf.j8p236ttGGGN96Rd3Ynh.jpg,train,developing,True,True
photo_dev (200)_jpg.rf.871rG3kj5PavuPEQzwhp.jpg,train,developing,True,True
photo_dev (201)_jpg.rf.6rvZyFRIQ1nHmrq2xXlM.jpg,train,developing,True,True
photo_dev (202)_jpg.rf.6X3sSrsv39ooqNq0wtvQ.jpg,train,developing,True,True
photo_dev (203)_jpg.rf.iQIc0iRGbDVGXzUjUexl.jpg,train,developing,True,True
photo_dev (204)_jpg.rf.THXm0TslWgvkeZZPlxAh.jpg,train,developing,True,True
photo_dev (205)_jpg.rf.brGDlF7q5M8w0DisI5lP.jpg,train,developing,True,True
photo_dev (207)_jpg.rf.ulcyuKiUzDoKMtnr3HDi.jpg,train,developing,True,True
photo_dev (208)_jpg.rf.oD7YqP1wnRGl1bubn50m.jpg,train,developing,False,False
photo_dev (209)_jpg.rf.zyOhJAgm6ZyoZLIUSDW8.jpg,train,developing,True,True
photo_dev (210)_jpg.rf.fyy0rqt1D5QdoqxgcMe3.jpg,train,developing,True,True
photo_dev (211)_jpg.rf.0YpbpnhPCvcBz3C0CvsZ.jpg,train,developing,True,True
photo_dev (214)_jpg.rf.INARBQoOpEh8kYs5Ja48.jpg,train,developing,True,True
photo_dev (216)_jpg.rf.NsNzL05M0k4z1iaeavBW.jpg,train,developing,True,True
photo_dev (217)_jpg.rf.HOB9p1HqgpUel6sRPeN9.jpg,train,developing,True,True
photo_dev (219)_jpg.rf.WIJ2GkHSrotBSjTEIC5H.jpg,train,developing,True,True
photo_dev (220)_jpg.rf.TlLnODp2UGwVJ4cNlx0k.jpg,train,developing,True,True
photo_dev (221)_jpg.rf.Yz2G9PDxUTMgbEUQyYnn.jpg,train,developing,True,True
photo_dev (222)_jpg.rf.AT06A3iDoVRk0U7X5gmI.jpg,train,developing,True,True
photo_dev (223)_jpg.rf.amPHPJHyAtNQNw8Dbfgt.jpg,train,developing,True,True
photo_dev (225)_jpg.rf.r6mf6puRbYrIqHwL6ks1.jpg,train,developing,True,True
photo_dev (226)_jpg.rf.uqIXsbvr1pfDoKmaqLSP.jpg,train,developing,True,True
photo_dev (23)_jpg.rf.kpydPm8xWbCHLzzATkvF.jpg,train,developing,True,True
photo_dev (233)_jpg.rf.E5zp801hWqQthl3lVSZG.jpg,train,developing,True,True
photo_dev (234)_jpg.rf.MhYlhvK5rH5o8pCAPdRn.jpg,train,developing,True,True
photo_dev (236)_jpg.rf.PCX1J95nL6cgkyHzpTbt.jpg,train,developing,True,True
photo_dev (237)_jpg.rf.FoF8Z3GVbgWWfR5mbKtn.jpg,train,developing,True,True
photo_dev (239)_jpg.rf.XGt8VaJ97MsGOLSTVJx2.jpg,train,developing,True,True
photo_dev (24)_jpg.rf.fthdXuw2YHKQGVUOgc65.jpg,train,developing,True,True
photo_dev (240)_jpg.rf.opOfRWZXgteqFptgyZ87.jpg,train,developing,False,False
photo_dev (241)_jpg.rf.aDFb0gN8pAfSydSPDD3S.jpg,train,developing,True,True
photo_dev (243)_jpg.rf.bmGJwrzYXcmEmxVwYWUi.jpg,train,developing,True,True
photo_dev (245)_jpg.rf.DkDCckb9fSP9gtSqsVZN.jpg,train,developing,True,True
photo_dev (246)_jpg.rf.FabkM6f8lfgMRPdm9buu.jpg,train,developing,True,True
photo_dev (248)_jpg.rf.VDYih4pERA31bzdfl0Ef.jpg,train,developing,True,True
photo_dev (250)_jpg.rf.a09zxwpA4uWRIVQp2idV.jpg,train,developing,True,True
photo_dev (252)_jpg.rf.4XAeOvnpPPZtXzXO3iTb.jpg,train,developing,True,True
photo_dev (253)_jpg.rf.MIRTpTL5udjvjBhzCSYz.jpg,train,developing,True,True
photo_dev (254)_jpg.rf.ITEui1WoJNG1VMA8w3zy.jpg,train,developing,True,True
photo_dev (255)_jpg.rf.sgyHds9l6C2m3f8SkQFU.jpg,train,developing,True,True
photo_dev (26)_jpg.rf.azhyjKtFCOtOWII4BtPo.jpg,train,developing,True,True
photo_dev (29)_jpg.rf.TDs9UBef2L7GsgvnynVa.jpg,train,developing,True,True
photo_dev (31)_jpg.rf.AppPb1CMWwLLAilxqbWd.jpg,train,developing,True,True
photo_dev (35)_jpg.rf.jvBamoKw2IMRMe5z0AKg.jpg,train,developing,True,True
photo_dev (36)_jpg.rf.9M47cs0f5brQuSnKjEKt.jpg,train,developing,True,True
photo_dev (4)_jpg.rf.5IcqgLw5LKSyid5rFNQS.jpg,train,developing,True,True
photo_dev (41)_jpg.rf.d5wmQmbjVINI2ZCsTexL.jpg,train,developing,True,True
photo_dev (44)_jpg.rf.c5KyE6j3yKjae5gwEMVy.jpg,train,developing,True,True
photo_dev (45)_jpg.rf.liAUlnuTF7RT7M6Hhle0.jpg,train,developing,True,True
photo_dev (46)_jpg.rf.XIaSZVcOnmJh5ge0NQS9.jpg,train,developing,True,True
photo_dev (47)_jpg.rf.AkX7iv0FA6pzQ6PAvXn5.jpg,train,developing,True,True
photo_dev (48)_jpg.rf.PAxWqyyFbT66DY9QSPms.jpg,train,developing,True,True
photo_dev (49)_jpg.rf.fLaXjNv0DZO3n6cWZJ8b.jpg,train,developing,True,True
photo_dev (50)_jpg.rf.xkPSqgqkrtOvYcgaWtcT.jpg,train,developing,True,True
photo_dev (52)_jpg.rf.WYRu1rgGLLAR8zACBX8x.jpg,train,developing,True,True
photo_dev (53)_jpg.rf.VKnqYc7q1dMwD3hILZWk.jpg,train,developing,True,True
photo_dev (55)_jpg.rf.8d8blgy9AMc9ztcKiJAv.jpg,train,developing,True,True
photo_dev (58)_jpg.rf.kLnMUUHJUwIrhCHzS2ef.jpg,train,developing,True,True
photo_dev (60)_jpg.rf.rZl9ZM8og1Ovb8pz4MY3.jpg,train,developing,True,True
photo_dev (61)_jpg.rf.juVm7WzHZ99sDIuqDmHF.jpg,train,developing,True,True
photo_dev (64)_jpg.rf.eQQKqbU37fAAZj5YLqPi.jpg,train,developing,True,True
photo_dev (66)_jpg.rf.vSlu9aRDedvlsY4onjgM.jpg,train,developing,True,True
photo_dev (68)_jpg.rf.mqvYSpHGFmGQEVFvl8Qi.jpg,train,developing,True,True
photo_dev (70)_jpg.rf.emvcbzO2JxNjfWLh214A.jpg,train,developing,False,False
photo_dev (71)_jpg.rf.UnKYINdr6Hypx2tU4YDm.jpg,train,developing,True,True
photo_dev (72)_jpg.rf.i9N50fidAe5WH95cMUuX.jpg,train,developing,True,True
photo_dev (82)_jpg.rf.bszqQHTZFad2Ynj6g0Ub.jpg,train,developing,True,True
photo_dev (84)_jpg.rf.do2lNIiXUyGCdqeGWsj3.jpg,train,developing,True,True
photo_dev (93)_jpg.rf.kHkf0doJIyGA1c9J1Jx7.jpg,train,developing,True,True
photo_dev (94)_jpg.rf.XF2HCkTYi2TfyJkYYQsc.jpg,train,developing,True,True
photo_dev (97)_jpg.rf.nQgt3isXJ5ALrHgvOm0n.jpg,train,developing,True,True
photo_dev (98)_jpg.rf.btZOIRNYBVkPfUFs1jqF.jpg,train,developing,True,True
photo_flow (1)_jpg.rf.b1T88Kzlx99O6Ahp43TB.jpg,train,flowering,True,True
photo_flow (10)_jpg.rf.GOL5VDeh4Wum7vlT5n2m.jpg,train,flowering,True,True
photo_flow (100)_jpg.rf.cXMeQcg1bYRtX4j9UDMh.jpg,train,flowering,True,True
photo_flow (101)_jpg.rf.rhkMDHAAidGhY7bxNOFi.jpg,train,flowering,True,True
photo_flow (103)_jpg.rf.TQZmTMcp9A0GVSUxm3eI.jpg,train,flowering,True,True
photo_flow (105)_jpg.rf.OXueT0Klya5M5T13bYGN.jpg,train,flowering,True,True
photo_flow (107)_jpg.rf.zQEWQy6FpEEOmDzZ8RSq.jpg,train,flowering,True,True
photo_flow (109)_jpg.rf.Jxj9aMpyPiWfJjsKIoiq.jpg,train,flowering,True,True
photo_flow (111)_jpg.rf.wB9JEHMcyrOzfmMZEABH.jpg,train,flowering,True,True
photo_flow (115)_jpg.rf.176WeN6M4YZbzu057AaG.jpg,train,flowering,True,True
photo_flow (117)_jpg.rf.N1r0iieI30Pi414Xyr7P.jpg,train,flowering,True,True
photo_flow (119)_jpg.rf.dAWhoOx2oj2szFkjXsQe.jpg,train,flowering,True,True
photo_flow (12)_jpg.rf.uH3mxb6tEYCgleyx0jQE.jpg,train,flowering,True,True
photo_flow (123)_jpg.rf.9PhQfVgYRwYiLdO9anND.jpg,train,flowering,True,True
photo_flow (125)_jpg.rf.6h3GDzAuKaIjpjcW8Cro.jpg,train,flowering,True,True
photo_flow (127)_jpg.rf.tGEWU1Ji3IfUEjwN8TrC.jpg,train,flowering,True,True
photo_flow (13)_jpg.rf.5bUc9pEfYXNTMIuDV8ur.jpg,train,flowering,True,True
photo_flow (131)_jpg.rf.mwBLln31BbYxE3M61PZB.jpg,train,flowering,True,True
photo_flow (133)_jpg.rf.8byMOQZoFJhDhtWH9mSN.jpg,train,flowering,True,True
photo_flow (135)_jpg.rf.hdktkcyNVWrhcHg2fXVB.jpg,train,flowering,True,True
photo_flow (139)_jpg.rf.Xvp6TXqAdziesTfUzYWf.jpg,train,flowering,True,True
photo_flow (14)_jpg.rf.UNIWsPR1F68nV2YeiFRv.jpg,train,flowering,True,True
photo_flow (141)_jpg.rf.5ngvhhzotxlz2ehT8j9j.jpg,train,flowering,True,True
photo_flow (143)_jpg.rf.tjZR5Gn6n4MBxccHWGkR.jpg,train,flowering,True,True
photo_flow (145)_jpg.rf.FpCRzHM1i0YGu5OyaDfW.jpg,train,flowering,True,True
photo_flow (149)_jpg.rf.FYxCkzrzyvENnhxeyNHZ.jpg,train,flowering,True,True
photo_flow (15)_jpg.rf.DlXAeJtnVRPnXJiQS0Y6.jpg,train,flowering,True,True
photo_flow (151)_jpg.rf.IgXtAQ2NfKv9IkNojdCb.jpg,train,flowering,True,True
photo_flow (153)_jpg.rf.d5JbhPS8ykhkT1d4yv1A.jpg,train,flowering,True,True
photo_flow (155)_jpg.rf.oaQtPRuiAIXB923rdVF7.jpg,train,flowering,True,True
photo_flow (157)_jpg.rf.HfoWdGGgHEbiLLRg9mI5.jpg,train,flowering,True,True
photo_flow (159)_jpg.rf.cSVeyC3icDJuOoMKNhYh.jpg,train,flowering,True,True
photo_flow (163)_jpg.rf.8snAROjGRoSkZ2qtrQNJ.jpg,train,flowering,True,True
photo_flow (169)_jpg.rf.GWdVxcL9wKHmeMgQSpec.jpg,train,flowering,True,True
photo_flow (17)_jpg.rf.NpeiOFgYlT3Uqp6qrwIo.jpg,train,flowering,True,True
photo_flow (171)_jpg.rf.XzfP2b20ljnh3rJhh4WL.jpg,train,flowering,True,True
photo_flow (177)_jpg.rf.vJW91tZFPRVyUk6puxmY.jpg,train,flowering,True,True
photo_flow (179)_jpg.rf.ixNMGa9gz0OR5ipF5ok1.jpg,train,flowering,True,True
photo_flow (18)_jpg.rf.bd7BTRvDmigcnWnPitKC.jpg,train,flowering,True,True
photo_flow (183)_jpg.rf.k0SqYfPUkVM0RdRri7xM.jpg,train,flowering,True,True
photo_flow (185)_jpg.rf.uti202tmYPvz9eU0pTqe.jpg,train,flowering,True,True
photo_flow (187)_jpg.rf.GVDvPtbjQ2Z0UNeh2zYr.jpg,train,flowering,True,True
photo_flow (19)_jpg.rf.7UdLLMLJp5ZkncV6k68I.jpg,train,flowering,True,True
photo_flow (191)_jpg.rf.cFETqVktKoKnPimxZfnM.jpg,train,flowering,True,True
photo_flow (195)_jpg.rf.MykOps4Kgo2rBG0YkQDu.jpg,train,flowering,True,True
photo_flow (197)_jpg.rf.XfHBRWksIaZYm0eqCQOA.jpg,train,flowering,True,True
photo_flow (199)_jpg.rf.wFazcwZ0BC8GtUchOyjR.jpg,train,flowering,True,True
photo_flow (2)_jpg.rf.fX5MTFJqqOeqIUp6q7nI.jpg,train,flowering,True,True
photo_flow (20)_jpg.rf.zZD2CIA5CVlRMWVBbEvS.jpg,train,flowering,True,True
photo_flow (203)_jpg.rf.vZtTd5BdaNpd8isZyddh.jpg,train,flowering,True,True
photo_flow (205)_jpg.rf.ZVPke9fsgp297iMhctcB.jpg,train,flowering,True,True
photo_flow (207)_jpg.rf.iMywzijq6PMdNGC9nyKh.jpg,train,flowering,True,True
photo_flow (209)_jpg.rf.nfmXnKwkeNk4k9Hn4ZzF.jpg,train,flowering,True,True
photo_flow (21)_jpg.rf.7hrduOL3Bgo894dY7X6D.jpg,train,flowering,True,True
photo_flow (211)_jpg.rf.91H2r4N2AFLSzpByiM3P.jpg,train,flowering,True,True
photo_flow (215)_jpg.rf.muOao3QFb3mvHiLNdoz5.jpg,train,flowering,True,True
photo_flow (216)_jpg.rf.T6gFtOtXuyqgtmntBnJI.jpg,train,flowering,True,True
photo_flow (218)_jpg.rf.YlLdleKmGgRzk0Hxt03h.jpg,train,flowering,True,True
photo_flow (22)_jpg.rf.LlQl1SOfix07aSEBiakz.jpg,train,flowering,True,True
photo_flow (222)_jpg.rf.iJQndUL1UnyAYo8o6eN7.jpg,train,flowering,True,True
photo_flow (224)_jpg.rf.T3OIIHhkWNo2Yo0UtX0p.jpg,train,flowering,True,True
photo_flow (226)_jpg.rf.1g0vGYELhdAkhHz0gWYq.jpg,train,flowering,True,True
photo_flow (227)_jpg.rf.nMIE6N9TphnSERu4bgTX.jpg,train,flowering,True,True
photo_flow (228)_jpg.rf.zzMTFqfHEaUrpggnHUld.jpg,train,flowering,True,True
photo_flow (23)_jpg.rf.VCYXNIOwv2Nuhw7TMSk4.jpg,train,flowering,True,True
photo_flow (230)_jpg.rf.XE02pbR8heaGiAYnV2Rh.jpg,train,flowering,True,True
photo_flow (232)_jpg.rf.jqS4311WHeWrVhbrngOG.jpg,train,flowering,True,True
photo_flow (234)_jpg.rf.77UJGtRzy3ZxCF352Cx3.jpg,train,flowering,True,True
photo_flow (24)_jpg.rf.XcFshbgKtX22fKpeNmDB.jpg,train,flowering,True,True
photo_flow (244)_jpg.rf.9pWKvjOYYKqZuUXGXVUU.jpg,train,flowering,True,True
photo_flow (246)_jpg.rf.PzQFmWRjGkBFmiV9BkOr.jpg,train,flowering,True,True
photo_flow (25)_jpg.rf.9uY1vxNmFLOndkj8zPR9.jpg,train,flowering,True,True
photo_flow (252)_jpg.rf.6ybHLWS1sM03DWFmlm1o.jpg,train,flowering,True,True
photo_flow (257)_jpg.rf.MGE3F9gHeONwOQQr0zvF.jpg,train,flowering,True,True
photo_flow (258)_jpg.rf.qQ9QT4ieU1kjARU3BW74.jpg,train,flowering,True,True
photo_flow (26)_jpg.rf.MwgqT18o9PbTcikSnuTm.jpg,train,flowering,True,True
photo_flow (262)_jpg.rf.mDViSSfDG8OZ8sNDbvjr.jpg,train,flowering,True,True
photo_flow (268)_jpg.rf.sHpnpCS0eivxzvpRchM7.jpg,train,flowering,True,True
photo_flow (27)_jpg.rf.eLZQrW40QjwBq76oMx6d.jpg,train,flowering,True,True
photo_flow (270)_jpg.rf.njyUa7m8odutfkYsgwHZ.jpg,train,flowering,True,True
photo_flow (271)_jpg.rf.6WLrFSAdtyzeTIFswHSy.jpg,train,flowering,True,True
photo_flow (273)_jpg.rf.1ROHJOpyg4x6V2e8fRlI.jpg,train,flowering,True,True
photo_flow (274)_jpg.rf.NJ4JVc9OCpEJxsGfsNTc.jpg,train,flowering,True,True
photo_flow (275)_jpg.rf.AheUF2AOzTDMwYzxbzh5.jpg,train,flowering,True,True
photo_flow (279)_jpg.rf.QhaGzhYLU7ONiKUbK2MA.jpg,train,flowering,True,True
photo_flow (28)_jpg.rf.5ka4sWhPQrrubEQPh2oi.jpg,train,flowering,True,True
photo_flow (283)_jpg.rf.nwnGvnBJjFwnvAxHingM.jpg,train,flowering,True,True
photo_flow (284)_jpg.rf.atvXc83xJpKbtVjll27U.jpg,train,flowering,True,True
photo_flow (286)_jpg.rf.woZDKhQbxXk3Ua5QELFv.jpg,train,flowering,True,True
photo_flow (287)_jpg.rf.IkpC7C3e983eL7q9wpY5.jpg,train,flowering,True,True
photo_flow (296)_jpg.rf.bwjndOTfH2udTK5kSNpo.jpg,train,flowering,True,True
photo_flow (299)_jpg.rf.uqcFPI9Ho7RMOja9etlc.jpg,train,flowering,True,True
photo_flow (3)_jpg.rf.6HlbkonLISB8viDuUFdj.jpg,train,flowering,True,True
photo_flow (301)_jpg.rf.dFjLGWcyN9q3sfjuSRSj.jpg,train,flowering,True,True
photo_flow (307)_jpg.rf.r7EmBhJefPb5sMKu58r7.jpg,train,flowering,True,True
photo_flow (308)_jpg.rf.sOnfmzzBp0FYoiCoIaD5.jpg,train,flowering,True,True
photo_flow (309)_jpg.rf.Mjq5an4F6bYIi26TxuyR.jpg,train,flowering,True,True
photo_flow (313)_jpg.rf.zRS1zFw4RjjuJc3MqqaY.jpg,train,flowering,True,True
photo_flow (315)_jpg.rf.PXkov3T1aT1XmKcYz1AS.jpg,train,flowering,True,True
photo_flow (318)_jpg.rf.yVjpKZg5AQmzVMs1POvb.jpg,train,flowering,True,True
photo_flow (320)_jpg.rf.O7HWXqAzZM2sjcvFtPRH.jpg,train,flowering,True,True
photo_flow (321)_jpg.rf.qfOdKJRdYGNUKn58hj7l.jpg,train,flowering,True,True
photo_flow (323)_jpg.rf.NBEZJDIei7amsxbsGzjL.jpg,train,flowering,True,True
photo_flow (324)_jpg.rf.AGSK2jOP0HqYKZ42tX9k.jpg,train,flowering,True,True
photo_flow (325)_jpg.rf.KDVUPE7IVmShbOTfuVsI.jpg,train,flowering,True,True
photo_flow (336)_jpg.rf.vDuZ6PMdY34I99n26JqK.jpg,train,flowering,True,True
photo_flow (34)_jpg.rf.sBwjPRSPHckEiVEnNnkq.jpg,train,flowering,True,True
photo_flow (342)_jpg.rf.qjDT946kxT3jQ0wwNilJ.jpg,train,flowering,True,True
photo_flow (343)_jpg.rf.KXq2J0f1wOQmj34yFN6n.jpg,train,flowering,True,True
photo_flow (344)_jpg.rf.H6ScUhxBkBlLde5JTkBm.jpg,train,flowering,True,True
photo_flow (345)_jpg.rf.hQN7rp4z8cz9YBjpJaEx.jpg,train,flowering,True,True
photo_flow (346)_jpg.rf.e5C5dSEbGzsesQtAXUyT.jpg,train,flowering,True,True
photo_flow (347)_jpg.rf.TyNbeRzPQPw5dhHEHUJ3.jpg,train,flowering,True,True
photo_flow (348)_jpg.rf.R8RwlLw2XytLlQ5xdNj3.jpg,train,flowering,True,True
photo_flow (35)_jpg.rf.Oxsz0VjrTyyM8h039yaT.jpg,train,flowering,True,True
photo_flow (350)_jpg.rf.omYgaNrycxiEwbPjxXif.jpg,train,flowering,True,True
photo_flow (351)_jpg.rf.l4IhDr2sVpqGYTVdIC10.jpg,train,flowering,True,True
photo_flow (356)_jpg.rf.3pkrfdp4S41iL3C7vXWM.jpg,train,flowering,True,True
photo_flow (36)_jpg.rf.9huZpASCpOTxexz5ZQwb.jpg,train,flowering,True,True
photo_flow (364)_jpg.rf.llkz0s8ofasrFVeRmIur.jpg,train,flowering,True,True
photo_flow (369)_jpg.rf.qEdUdulrh97z5SonNqsY.jpg,train,flowering,True,True
photo_flow (374)_jpg.rf.eg0nEuxNQD5PbCiSrpm0.jpg,train,flowering,True,True
photo_flow (375)_jpg.rf.0b9og60XmzKCOWYZuKYc.jpg,train,flowering,True,True
photo_flow (376)_jpg.rf.yr9xX8nJu3nKXcAA3sH3.jpg,train,flowering,True,True
photo_flow (379)_jpg.rf.ijirzn0HcFTY2SiMYGY2.jpg,train,flowering,True,True
photo_flow (38)_jpg.rf.75Q9D4ByIEO6VpqrkMY1.jpg,train,flowering,True,True
photo_flow (380)_jpg.rf.IUizmc1fRqB2aFC9Lyu0.jpg,train,flowering,True,True
photo_flow (381)_jpg.rf.QXhNiqxpRMBYeWs6sSCJ.jpg,train,flowering,True,True
photo_flow (382)_jpg.rf.MWa1F2pVNH9nNNLTacGk.jpg,train,flowering,True,True
photo_flow (389)_jpg.rf.ehzT5iZJ0g5Qq4lkk1UB.jpg,train,flowering,True,True
photo_flow (39)_jpg.rf.MCUvYE2bzkP4KHTsghhG.jpg,train,flowering,True,True
photo_flow (393)_jpg.rf.KywQtaDFGSZ3ICoJVY2b.jpg,train,flowering,True,True
photo_flow (397)_jpg.rf.bERWtJNFTckrH9zdEbFe.jpg,train,flowering,True,True
photo_flow (398)_jpg.rf.kVysK03sqNn4yNAiAiyb.jpg,train,flowering,True,True
photo_flow (4)_jpg.rf.uiYMg19PigVzwivH4mNb.jpg,train,flowering,True,True
photo_flow (40)_jpg.rf.1RRsUW7RXVO2L6pLNKUz.jpg,train,flowering,True,True
photo_flow (400)_jpg.rf.oHo1tBlPNwi51r75EfpP.jpg,train,flowering,True,True
photo_flow (405)_jpg.rf.d5VfaRPLbjxjLHCIK7Vf.jpg,train,flowering,True,True
photo_flow (406)_jpg.rf.s2V2RHMon52wUAiLc2dQ.jpg,train,flowering,True,True
photo_flow (407)_jpg.rf.CzummZdZqrUGgbuFmEuj.jpg,train,flowering,True,True
photo_flow (41)_jpg.rf.1e2KKasrCuwQtHj7o6FC.jpg,train,flowering,True,True
photo_flow (411)_jpg.rf.uFUSRB8DZxE5GIcMD0FN.jpg,train,flowering,True,True
photo_flow (412)_jpg.rf.PibFC3U3IV3ggSvNP8x7.jpg,train,flowering,True,True
photo_flow (413)_jpg.rf.Gm1ZC00zfdjqrkac8ikV.jpg,train,flowering,True,True
photo_flow (419)_jpg.rf.entqkCa0HWXPkmlDtzbS.jpg,train,flowering,True,True
photo_flow (42)_jpg.rf.MQ76ol1hGW0FzeC83V5s.jpg,train,flowering,True,True
photo_flow (421)_jpg.rf.6YYlOWJJ84GvrH2tqk2z.jpg,train,flowering,True,True
photo_flow (422)_jpg.rf.LD0h1afeO48pR0thEPzR.jpg,train,flowering,True,True
photo_flow (423)_jpg.rf.IpBMWYBlg1PWy7uJGEzC.jpg,train,flowering,True,True
photo_flow (424)_jpg.rf.YjKjz4lBLCnKw3jtAyvA.jpg,train,flowering,True,True
photo_flow (425)_jpg.rf.tXqf2SzgCnikLaVRdYJH.jpg,train,flowering,True,True
photo_flow (428)_jpg.rf.hEJj2EklEHNUGbxAzfKh.jpg,train,flowering,True,True
photo_flow (429)_jpg.rf.L4GrpR3SvAuLuYKRzoZu.jpg,train,flowering,True,True
photo_flow (43)_jpg.rf.m18QZcN4WFkYcZjdZiDz.jpg,train,flowering,True,True
photo_flow (432)_jpg.rf.ZbVVyWjvar3YgNjXAzcm.jpg,train,flowering,True,True
photo_flow (433)_jpg.rf.5kl5TqhcjU3ZKOXnv9sb.jpg,train,flowering,True,True
photo_flow (435)_jpg.rf.KW76Ris7cZq53pu8Gsnw.jpg,train,flowering,True,True
photo_flow (436)_jpg.rf.07WEMrXdvBsL17ahDmqb.jpg,train,flowering,True,True
photo_flow (441)_jpg.rf.BuH3QXIPpnnehyDLFkQT.jpg,train,flowering,True,True
photo_flow (443)_jpg.rf.DuMO3p7CfDOU7x95RnrA.jpg,train,flowering,True,True
photo_flow (447)_jpg.rf.ZGPE1OT1mw0SHna6cfqo.jpg,train,flowering,True,True
photo_flow (451)_jpg.rf.EWKnqDNyvMteiTB8Thi7.jpg,train,flowering,True,True
photo_flow (455)_jpg.rf.bQXTtGuZBe3iekj6JyRO.jpg,train,flowering,True,True
photo_flow (456)_jpg.rf.KpozQProyqz8o5zTHEln.jpg,train,flowering,True,True
photo_flow (458)_jpg.rf.KAx2gNkzjCApKtWIt36N.jpg,train,flowering,True,True
photo_flow (459)_jpg.rf.k33mwZZpvTtZslKGi8cP.jpg,train,flowering,True,True
photo_flow (46)_jpg.rf.YHwSs3eIdyjDXdElqvYs.jpg,train,flowering,True,True
photo_flow (464)_jpg.rf.ODWakbd0BfU7r5xAMnf5.jpg,train,flowering,True,True
photo_flow (466)_jpg.rf.a4ze6CdXM2KZF1m6mynD.jpg,train,flowering,True,True
photo_flow (467)_jpg.rf.KGPFLD1JipIUJmuXJreV.jpg,train,flowering,True,True
photo_flow (468)_jpg.rf.SWrCLT3rLhAaPBIG12pi.jpg,train,flowering,True,True
photo_flow (47)_jpg.rf.RvJDUUshdhPha4GjSMSF.jpg,train,flowering,True,True
photo_flow (474)_jpg.rf.ZqqEMo9X2yEL7v4mL62Q.jpg,train,flowering,True,True
photo_flow (478)_jpg.rf.3RATdBxqKnuiwdTNdozT.jpg,train,flowering,True,True
photo_flow (479)_jpg.rf.QrPHrJvkOpIevKTUVJnw.jpg,train,flowering,True,True
photo_flow (482)_jpg.rf.oKRILWJYeJEXRCK6zrEX.jpg,train,flowering,True,True
photo_flow (485)_jpg.rf.wl5m1r8eXjdUpW90k5OH.jpg,train,flowering,True,True
photo_flow (486)_jpg.rf.u3pc2315Gx4gqfyDp1ez.jpg,train,flowering,True,True
photo_flow (488)_jpg.rf.tvePnPgtotCcTUqNunbR.jpg,train,flowering,True,True
photo_flow (489)_jpg.rf.r9pgoUPn5VVj6nS8hWBW.jpg,train,flowering,True,True
photo_flow (490)_jpg.rf.4RiyJLYAOygtw97mZ6Ri.jpg,train,flowering,True,True
photo_flow (494)_jpg.rf.atOOTSo8yn11kcmvGUdy.jpg,train,flowering,True,True
photo_flow (497)_jpg.rf.AqdifTi8lOD70q62azdr.jpg,train,flowering,True,True
photo_flow (5)_jpg.rf.f4b2fNLHwqRW8xjP27mM.jpg,train,flowering,True,True
photo_flow (51)_jpg.rf.sw1lw1DZQzH1IBMLRr3z.jpg,train,flowering,True,True
photo_flow (52)_jpg.rf.aRE1zVGS9RsOXxSpi2a9.jpg,train,flowering,True,True
photo_flow (53)_jpg.rf.Hci2VXo0nPe1oNGGEvN9.jpg,train,flowering,True,True
photo_flow (55)_jpg.rf.EpulQHXXiPLYlTjMWIhg.jpg,train,flowering,True,True
photo_flow (56)_jpg.rf.4duNptGAnz2Vs9dLuhId.jpg,train,flowering,True,True
photo_flow (57)_jpg.rf.qzesyDqhpiyIVuRmitD4.jpg,train,flowering,True,True
photo_flow (59)_jpg.rf.GrrNHf1Op3lhg9BgTm1V.jpg,train,flowering,True,True
photo_flow (6)_jpg.rf.jFZ6uf5VmqShySiD1ZNq.jpg,train,flowering,True,True
photo_flow (60)_jpg.rf.pfAEZ8NygFR0EvNeVcMA.jpg,train,flowering,True,True
photo_flow (61)_jpg.rf.b6E14bUcT3KGaFSGOBZJ.jpg,train,flowering,True,True
photo_flow (62)_jpg.rf.i1qLY98VGsP5jAcW5i06.jpg,train,flowering,True,True
photo_flow (64)_jpg.rf.EIrkxaWZ7wqXJt1HOED0.jpg,train,flowering,True,True
photo_flow (65)_jpg.rf.oi1f4PB57i9A3cDndnLz.jpg,train,flowering,True,True
photo_flow (67)_jpg.rf.tqQtyTppMA2qzVP5pnPe.jpg,train,flowering,True,True
photo_flow (69)_jpg.rf.noE1qdDTo14ejbqh6cc4.jpg,train,flowering,True,True
photo_flow (7)_jpg.rf.109sVgl0KzCx16MKivnb.jpg,train,flowering,True,True
photo_flow (73)_jpg.rf.TDwc9VZDNQ9GEfuILptU.jpg,train,flowering,True,True
photo_flow (75)_jpg.rf.BpTLYoSL6rdQljKk1UJI.jpg,train,flowering,True,True
photo_flow (77)_jpg.rf.YdjNY5nYn84FkgcoHEtq.jpg,train,flowering,True,True
photo_flow (79)_jpg.rf.9BwsEd4993GhHVnV4Mf9.jpg,train,flowering,True,True
photo_flow (8)_jpg.rf.tXrfnTbzY9nMsyT68p3x.jpg,train,flowering,True,True
photo_flow (85)_jpg.rf.rFETMHHZmM8Z1zmlwB72.jpg,train,flowering,True,True
photo_flow (89)_jpg.rf.IEqoKbLPICtzBHBb1YYb.jpg,train,flowering,True,True
photo_flow (9)_jpg.rf.Zov85enlNc3EDKzRpIhU.jpg,train,flowering,True,True
photo_flow (93)_jpg.rf.rp99XkXFtjg7ErvqkCx2.jpg,train,flowering,True,True
photo_flow (95)_jpg.rf.dffdiOMvpvrjvPkvoUgG.jpg,train,flowering,True,True
photo_fruit (1)_jpg.rf.IK4YW0Dk5Tw1GLB3w25p.jpg,train,fruiting,True,True
photo_fruit (113)_jpg.rf.Hv5h6Bgvq7CWh2JBC8db.jpg,train,fruiting,True,True
photo_fruit (115)_jpg.rf.VMUlW3waKkfWFUIF0BhQ.jpg,train,fruiting,True,True
photo_fruit (117)_jpg.rf.TLqo8JGyLmZ69BebTaYc.jpg,train,fruiting,True,True
photo_fruit (118)_jpg.rf.AokYHcJKYJTqFpWcgFtl.jpg,train,fruiting,True,True
photo_fruit (12)_jpg.rf.Qfp6cgcGtvnN9Hho7EAM.jpg,train,fruiting,True,True
photo_fruit (122)_jpg.rf.v8BO8jkl3PAoV7AmUS3J.jpg,train,fruiting,True,True
photo_fruit (126)_jpg.rf.4QscUQUSVbRoFLoJaeVi.jpg,train,fruiting,True,True
photo_fruit (128)_jpg.rf.W9ahwZVzZ2neX88tDOgI.jpg,train,fruiting,True,True
photo_fruit (129)_jpg.rf.cqo6cCmPSZs0feKl7GCa.jpg,train,fruiting,True,True
photo_fruit (130)_jpg.rf.far6UklVJ0TFISjZCnJf.jpg,train,fruiting,True,True
photo_fruit (131)_jpg.rf.77JWg62pkqglQg3ffDjM.jpg,train,fruiting,True,True
photo_fruit (132)_jpg.rf.rhu65FHLVyHlFg6f0D0g.jpg,train,fruiting,True,True
photo_fruit (133)_jpg.rf.AkLKPJEEH5yJSed0YmIb.jpg,train,fruiting,True,True
photo_fruit (134)_jpg.rf.KZSf1cbsYaE4LnPnq43n.jpg,train,fruiting,True,True
photo_fruit (141)_jpg.rf.2LcfEKaRKuMD1vQdb0LA.jpg,train,fruiting,True,True
photo_fruit (144)_jpg.rf.OV0HqZRGsiDN0kXXiODB.jpg,train,fruiting,True,True
photo_fruit (161)_jpg.rf.GP3lnN2cwTRPKH6fyei6.jpg,train,fruiting,True,True
photo_fruit (165)_jpg.rf.9JvFjik4fj1RtZ4YgNN9.jpg,train,fruiting,True,True
photo_fruit (166)_jpg.rf.excfZD6GKJoTk5jUbRo8.jpg,train,fruiting,True,True
photo_fruit (169)_jpg.rf.EjG6cb7LFLk5ZABUQOoo.jpg,train,fruiting,True,True
photo_fruit (175)_jpg.rf.FB2gnaRWq7s4ZBmTuNSb.jpg,train,fruiting,True,True
photo_fruit (176)_jpg.rf.13iJTcUBGyu1vcf5TOBp.jpg,train,fruiting,True,True
photo_fruit (18)_jpg.rf.0ileZbp5n1kBy9dfLkjr.jpg,train,fruiting,True,True
photo_fruit (186)_jpg.rf.NsaTNbXAhXOUJcflMnt4.jpg,train,fruiting,True,True
photo_fruit (190)_jpg.rf.i0bBkv5fuZJ3HQbue7o6.jpg,train,fruiting,True,True
photo_fruit (199)_jpg.rf.hVde5cxuBkQ0TueE9Tcb.jpg,train,fruiting,True,True
photo_fruit (2)_jpg.rf.AXlUe9tmAyYGL0RniMI2.jpg,train,fruiting,True,True
photo_fruit (200)_jpg.rf.5UDA9kV4CFhTqFi8Z4gM.jpg,train,fruiting,True,True
photo_fruit (205)_jpg.rf.NyRFGLm4O6ftdlny6rEC.jpg,train,fruiting,True,True
photo_fruit (208)_jpg.rf.7oWaa18xYXsp7Yk353A7.jpg,train,fruiting,True,True
photo_fruit (212)_jpg.rf.BFA6FiUJilYWqyjt15lK.jpg,train,fruiting,True,True
photo_fruit (214)_jpg.rf.AIY5Zrh1FbApQY43DiQh.jpg,train,fruiting,True,True
photo_fruit (216)_jpg.rf.JCIHCGKGU0ijW7VLQUyj.jpg,train,fruiting,True,True
photo_fruit (217)_jpg.rf.POSkPF4FTUinjb7S0T50.jpg,train,fruiting,True,True
photo_fruit (23)_jpg.rf.7TA6Ld81DHurryGqKDtQ.jpg,train,fruiting,True,True
photo_fruit (24)_jpg.rf.JdyyO322QRVNYetR8QSe.jpg,train,fruiting,True,True
photo_fruit (25)_jpg.rf.piJ4YE3KzflMmbD1ApoA.jpg,train,fruiting,True,True
photo_fruit (26)_jpg.rf.8FeBwc2d3RLbpp6Qtx1L.jpg,train,fruiting,True,True
photo_fruit (260)_jpg.rf.HdtG6Kw0ftn8aocabTdr.jpg,train,fruiting,True,True
photo_fruit (271)_jpg.rf.XJrilCWNh98VrkGG1mRE.jpg,train,fruiting,True,True
photo_fruit (290)_jpg.rf.I4Mh3z0ZwrCjnnMOSEgn.jpg,train,fruiting,True,True
photo_fruit (303)_jpg.rf.PJiViXtxqaQ8gH4wCl5Z.jpg,train,fruiting,True,True
photo_fruit (305)_jpg.rf.bzmJbaoJR1oUvNLFBuDG.jpg,train,fruiting,True,True
photo_fruit (311)_jpg.rf.JaSjZhv0ydmpQul4nJLo.jpg,train,fruiting,True,True
photo_fruit (32)_jpg.rf.E5QyNHR09zkG6PLgXGnB.jpg,train,fruiting,True,True
photo_fruit (325)_jpg.rf.B6xtcrtA9AbwDLA0gDA3.jpg,train,fruiting,True,True
photo_fruit (35)_jpg.rf.MfiYLywXDEtSKEKJBih9.jpg,train,fruiting,True,True
photo_fruit (359)_jpg.rf.KJVpGb77ElcdM3Md3ISV.jpg,train,fruiting,True,True
photo_fruit (372)_jpg.rf.CIdu49GTo1Tnxjgn37NJ.jpg,train,fruiting,True,True
photo_fruit (373)_jpg.rf.Gzh3dwPbcXW933boDatn.jpg,train,fruiting,True,True
photo_fruit (38)_jpg.rf.Bmx0KqtDCYAqDVXFfgul.jpg,train,fruiting,True,True
photo_fruit (39)_jpg.rf.M2qcMp5MnMAXcuv8gMZz.jpg,train,fruiting,True,True
photo_fruit (43)_jpg.rf.LEEyhb5G70pTI9QaY3XZ.jpg,train,fruiting,True,True
photo_fruit (45)_jpg.rf.wLYRCgp8o5Jf2wFrlRhv.jpg,train,fruiting,True,True
photo_fruit (46)_jpg.rf.4SMFzeRCqB4jHwXb0iTX.jpg,train,fruiting,True,True
photo_fruit (48)_jpg.rf.7TqQ9391UJ0zEcA0BVmv.jpg,train,fruiting,True,True
photo_fruit (49)_jpg.rf.LU5efVQlSKBDmGmwH77W.jpg,train,fruiting,True,True
photo_fruit (5)_jpg.rf.6XrZXJLmQybf6sXhnt9f.jpg,train,fruiting,True,True
photo_fruit (53)_jpg.rf.QUebaAQ7w7Qg39KfzMv6.jpg,train,fruiting,True,True
photo_fruit (54)_jpg.rf.8EIJgk3xNpLK1yGt3EH2.jpg,train,fruiting,True,True
photo_fruit (60)_jpg.rf.93zdMZAMOA0VireXxFZy.jpg,train,fruiting,True,True
photo_fruit (64)_jpg.rf.SfZgx6pWl1lmoECgBMMi.jpg,train,fruiting,True,True
photo_fruit (69)_jpg.rf.NpXWg6rI5tzfHe6e0Hn5.jpg,train,fruiting,True,True
photo_fruit (74)_jpg.rf.AG96XFUMM7GT3gyQ4aio.jpg,train,fruiting,True,True
photo_fruit (75)_jpg.rf.RE7Cf7lPnY4veDFPRu0T.jpg,train,fruiting,True,True
photo_fruit (88)_jpg.rf.RTzXJaCvQcr1KyEdt4uP.jpg,train,fruiting,True,True
photo_fruit (9)_jpg.rf.JEt2bdyyxV4OZRA8cQwg.jpg,train,fruiting,True,True
photo_fruit (90)_jpg.rf.HU89bC3JBKM9yWwZO2pn.jpg,train,fruiting,True,True
photo_fruit (94)_jpg.rf.HkYk9oYAw8BUtNUJnBO7.jpg,train,fruiting,True,True
photo_fruit (98)_jpg.rf.NxpHbxRxnR1yHrnWOKWe.jpg,train,fruiting,True,True
photo_seed (10)_jpg.rf.YVjATHDO4W3ppH9SFWMT.jpg,train,seeding,True,True
photo_seed (101)_jpg.rf.HyX0Fji8k5k790dwt3Pf.jpg,train,seeding,True,True
photo_seed (102)_jpg.rf.dM93d7ZHepVLxtezHACm.jpg,train,seeding,True,True
photo_seed (103)_jpg.rf.A8c4I3MfVdO8Yf8ntaZR.jpg,train,seeding,True,True
photo_seed (104)_jpg.rf.i5jErwEOwdcO0D6HEvqW.jpg,train,seeding,True,True
photo_seed (105)_jpg.rf.Nc7vg4XVzDr1jBwPxt7Y.jpg,train,seeding,True,True
photo_seed (107)_jpg.rf.gVDC52EYqhMvpFOoItDa.jpg,train,seeding,True,True
photo_seed (108)_jpg.rf.n2vyWutRvuJ0wEkUE9fp.jpg,train,seeding,True,True
photo_seed (113)_jpg.rf.fDAhnKFe8iAv9DumW48t.jpg,train,seeding,True,True
photo_seed (115)_jpg.rf.xbKAjyc5WUhFp9pDixh3.jpg,train,seeding,True,True
photo_seed (116)_jpg.rf.XbeukzftgPsu729Bf6Lx.jpg,train,seeding,True,True
photo_seed (117)_jpg.rf.z4rQ96gjFmdIQmeVgfge.jpg,train,seeding,True,True
photo_seed (120)_jpg.rf.oS0stECjIzLyOuzgucCb.jpg,train,seeding,True,True
photo_seed (122)_jpg.rf.rX1T3wUU6J29M96pj8Nd.jpg,train,seeding,True,True
photo_seed (124)_jpg.rf.gCabmWAbBYyGgSR4pjE9.jpg,train,seeding,True,True
photo_seed (125)_jpg.rf.zEHZhQJCv4GAcZmx4OOS.jpg,train,seeding,True,True
photo_seed (126)_jpg.rf.MXkr1ARf8ejGqjLuEeXQ.jpg,train,seeding,True,True
photo_seed (128)_jpg.rf.yEeB7uut3zR7lrbHmHqr.jpg,train,seeding,True,True
photo_seed (13)_jpg.rf.vD1YG0qnnsTL2ORotdzY.jpg,train,seeding,True,True
photo_seed (131)_jpg.rf.lxK0x4IOlDl6Il95tHks.jpg,train,seeding,True,True
photo_seed (134)_jpg.rf.gC1BViuRUozN1dHMzXNM.jpg,train,seeding,True,True
photo_seed (135)_jpg.rf.e7Rn4YyJmqxnTy8F8YLI.jpg,train,seeding,True,True
photo_seed (137)_jpg.rf.42kkEZuU4eDYsCugpLe7.jpg,train,seeding,True,True
photo_seed (138)_jpg.rf.v7AEIH4naIg7lu4l25Li.jpg,train,seeding,True,True
photo_seed (14)_jpg.rf.psr1cupCJP05riMjIPWY.jpg,train,seeding,True,True
photo_seed (140)_jpg.rf.5IyTNl55UploMVRQAFo8.jpg,train,seeding,True,True
photo_seed (141)_jpg.rf.0qS4XZ4TMYYsVwMJ6d7F.jpg,train,seeding,True,True
photo_seed (142)_jpg.rf.h4MZmyJoHJGJlBCll6qm.jpg,train,seeding,True,True
photo_seed (143)_jpg.rf.sKM2HKW7Di49tjXknc3f.jpg,train,seeding,True,True
photo_seed (144)_jpg.rf.En3l82zQC2ka7dEr3PzS.jpg,train,seeding,True,True
photo_seed (146)_jpg.rf.BSkuRZu0knHxqTgJEKSL.jpg,train,seeding,True,True
photo_seed (148)_jpg.rf.DLVLtkRpSviTTUPLGBxd.jpg,train,seeding,True,True
photo_seed (15)_jpg.rf.NQ8hQVYOE7qxTFBPpr0c.jpg,train,seeding,True,True
photo_seed (150)_jpg.rf.j4fF0tL19B36EV1njqIi.jpg,train,seeding,True,True
photo_seed (151)_jpg.rf.4BY8TIzkVYU0aKN0Vraz.jpg,train,seeding,True,True
photo_seed (153)_jpg.rf.jjsuBfnmmdQQT6ZeFTgu.jpg,train,seeding,True,True
photo_seed (154)_jpg.rf.YFI9EfDbRMUMDKeNf0AT.jpg,train,seeding,True,True
photo_seed (155)_jpg.rf.Fbl7U9JAiyizhHciTFpm.jpg,train,seeding,True,True
photo_seed (156)_jpg.rf.tViQDFudAQUTlKHFPIAk.jpg,train,seeding,True,True
photo_seed (157)_jpg.rf.pAyq4lzVDBPl10cZZ35I.jpg,train,seeding,True,True
photo_seed (159)_jpg.rf.V5X9f4zkk1O43b0egUc2.jpg,train,seeding,True,True
photo_seed (160)_jpg.rf.NUpweOAqxTG6lEz4Ay4G.jpg,train,seeding,True,True
photo_seed (161)_jpg.rf.ZRa626WkvTwdT8XtIC9L.jpg,train,seeding,True,True
photo_seed (165)_jpg.rf.05a2qddupjYytlmtyK4I.jpg,train,seeding,True,True
photo_seed (167)_jpg.rf.V5qAGlXC3fvrmWVrKf4y.jpg,train,seeding,True,True
photo_seed (169)_jpg.rf.Sd52UAMMpyBBETZgaZ1E.jpg,train,seeding,True,True
photo_seed (171)_jpg.rf.3yeaMdFkl2y6cINzrV5a.jpg,train,seeding,True,True
photo_seed (172)_jpg.rf.vu3OWqacGiDZappj70mP.jpg,train,seeding,True,True
photo_seed (173)_jpg.rf.H7n5ClXa0B80GFZMmwOa.jpg,train,seeding,True,True
photo_seed (174)_jpg.rf.PEOTjk4FnCnSJ6vVun4P.jpg,train,seeding,True,True
photo_seed (178)_jpg.rf.KgGOKlv9Fq5jXV9IbPIx.jpg,train,seeding,True,True
photo_seed (179)_jpg.rf.K4d24kJ3ApJjlPZ2hK1k.jpg,train,seeding,True,True
photo_seed (18)_jpg.rf.5gTJAQ4wVBOORYmgjY6V.jpg,train,seeding,True,True
photo_seed (180)_jpg.rf.fKrZTQ2hSkuXizFLlp3p.jpg,train,seeding,True,True
photo_seed (181)_jpg.rf.IbChh9G28Z8Sm0hxQWzf.jpg,train,seeding,True,True
photo_seed (182)_jpg.rf.titEZj79HBpgnVo8EtFP.jpg,train,seeding,True,True
photo_seed (184)_jpg.rf.Q8XPfr5wYyy7YIsdNzNp.jpg,train,seeding,True,True
photo_seed (186)_jpg.rf.CJ40SLojNwv2ZySKDkNC.jpg,train,seeding,True,True
photo_seed (187)_jpg.rf.YIBcrjbKwhT9djhUz8WV.jpg,train,seeding,True,True
photo_seed (188)_jpg.rf.3aLonUyVNDYhdvSi6dPq.jpg,train,seeding,True,True
photo_seed (189)_jpg.rf.XprWYBUJyckHjHBw7x4d.jpg,train,seeding,True,True
photo_seed (19)_jpg.rf.Mjj43URo8rYo94nxD76R.jpg,train,seeding,True,True
photo_seed (190)_jpg.rf.w5SiRs83qAY2zroVuMrD.jpg,train,seeding,True,True
photo_seed (191)_jpg.rf.HMIdPLXO9ME1O9dfQrMM.jpg,train,seeding,True,True
photo_seed (192)_jpg.rf.OBfJdRWXrdYcNt4NPltm.jpg,train,seeding,True,True
photo_seed (194)_jpg.rf.x5LlkVtKaTMyOy8qe87f.jpg,train,seeding,True,True
photo_seed (195)_jpg.rf.jD1jpSqLMzFno60dQmGJ.jpg,train,seeding,True,True
photo_seed (196)_jpg.rf.tByL5hdUsyvSMr19jDuY.jpg,train,seeding,True,True
photo_seed (2)_jpg.rf.M6JmBnrOdJmuEpQ8zmUv.jpg,train,seeding,True,True
photo_seed (201)_jpg.rf.JzzcwZh5QaMSNwfJ5UeC.jpg,train,seeding,True,True
photo_seed (203)_jpg.rf.Ng03QS5gcUWgqNEeS5Pa.jpg,train,seeding,True,True
photo_seed (208)_jpg.rf.BABTuAFFJpi2571r1P93.jpg,train,seeding,True,True
photo_seed (209)_jpg.rf.KZZyDgpGoJdpf7gcM7Un.jpg,train,seeding,True,True
photo_seed (21)_jpg.rf.6YdIwL9vCsnwFzcie3RH.jpg,train,seeding,True,True
photo_seed (210)_jpg.rf.2cZzVYONdxkmLyZSVuPf.jpg,train,seeding,True,True
photo_seed (212)_jpg.rf.JZ6qtJTE3pucDj2fXnkO.jpg,train,seeding,True,True
photo_seed (214)_jpg.rf.xwCdfmHmuZhjD7px5224.jpg,train,seeding,True,True
photo_seed (215)_jpg.rf.gldrYPxseAvIBcaiERAf.jpg,train,seeding,True,True
photo_seed (216)_jpg.rf.ZMB2Xsivi4ThzpFd9zSx.jpg,train,seeding,True,True
photo_seed (218)_jpg.rf.BBSRcDykbnrEa1s8OOKG.jpg,train,seeding,True,True
photo_seed (219)_jpg.rf.FTSdeYZPqjz2VXWpbQyv.jpg,train,seeding,True,True
photo_seed (22)_jpg.rf.A13TEdgQN4KIucyFwwQY.jpg,train,seeding,True,True
photo_seed (221)_jpg.rf.MKerr2BuaaGNJ5VLAoT9.jpg,train,seeding,True,True
photo_seed (222)_jpg.rf.naWXMycG3kDpNhKIJAeI.jpg,train,seeding,True,True
photo_seed (226)_jpg.rf.QFTOBWSOosTgDpXSv7Wk.jpg,train,seeding,True,True
photo_seed (227)_jpg.rf.2nbPQVdzSIJQ57cVocm2.jpg,train,seeding,True,True
photo_seed (228)_jpg.rf.fuM0pqvE4AA01BJzxDey.jpg,train,seeding,True,True
photo_seed (229)_jpg.rf.sKYrovtGHECMwI7kU68S.jpg,train,seeding,True,True
photo_seed (23)_jpg.rf.VkCWh5k5wd8QIbZ3dMNx.jpg,train,seeding,True,True
photo_seed (230)_jpg.rf.TG5dja4cDja7jjtkCMNa.jpg,train,seeding,True,True
photo_seed (232)_jpg.rf.Rn9EJbmWbG70HHG0ezCd.jpg,train,seeding,True,True
photo_seed (233)_jpg.rf.eWzI6WmVYHr88AWxp0LE.jpg,train,seeding,True,True
photo_seed (234)_jpg.rf.hdsYG9NNqJVWOtkrEihK.jpg,train,seeding,True,True
photo_seed (235)_jpg.rf.lpDi24AEphW4Q5P4IqwF.jpg,train,seeding,True,True
photo_seed (236)_jpg.rf.lMcKj7kovdQPHP3uChbN.jpg,train,seeding,True,True
photo_seed (237)_jpg.rf.t5SNDNbB3DIh0Xf2lRVd.jpg,train,seeding,True,True
photo_seed (238)_jpg.rf.BdrydKlMlq9mxQIbuqVa.jpg,train,seeding,True,True
photo_seed (240)_jpg.rf.Z7MUjAQXmky3tn1Owf0E.jpg,train,seeding,True,True
photo_seed (242)_jpg.rf.nJMTeH3zsuylp0Y9O3aF.jpg,train,seeding,True,True
photo_seed (243)_jpg.rf.0Zg1smJx3LUkHi2GCGRo.jpg,train,seeding,True,True
photo_seed (244)_jpg.rf.PElQj6Cg4G4IpStwsOKm.jpg,train,seeding,True,True
photo_seed (245)_jpg.rf.Lr2OTtCSh12NhUAdLGlh.jpg,train,seeding,True,True
photo_seed (248)_jpg.rf.CiGRUbkIc9E7bU4yrH1W.jpg,train,seeding,True,True
photo_seed (25)_jpg.rf.tvnHQsMd2SaYYNLH13e7.jpg,train,seeding,True,True
photo_seed (250)_jpg.rf.G0aimOGuiDYy9YEFhWA3.jpg,train,seeding,True,True
photo_seed (251)_jpg.rf.yEwBfy9xM2JQCBYtxnMY.jpg,train,seeding,True,True
photo_seed (252)_jpg.rf.PklrsDassrDYMqWpdVB3.jpg,train,seeding,True,True
photo_seed (253)_jpg.rf.2Qeo8H99PyD5SDBYmiOA.jpg,train,seeding,True,True
photo_seed (254)_jpg.rf.Y6lYhGFmcdzEduV9guKS.jpg,train,seeding,True,True
photo_seed (255)_jpg.rf.l51d9B5LVFxY8WwQgx8R.jpg,train,seeding,True,True
photo_seed (257)_jpg.rf.g1N9ORCsbXqrESpgYFtR.jpg,train,seeding,True,True
photo_seed (258)_jpg.rf.xWRdrKpnGZb5seZgxDLX.jpg,train,seeding,True,True
photo_seed (259)_jpg.rf.9aukELRXcdjUWW4gjwiY.jpg,train,seeding,True,True
photo_seed (26)_jpg.rf.idN3qR0iJxh5YALO7OFG.jpg,train,seeding,True,True
photo_seed (261)_jpg.rf.EubQW4PwEQ3NfAOIkrQK.jpg,train,seeding,True,True
photo_seed (262)_jpg.rf.Zoue6dbxxLKe2yiyLifu.jpg,train,seeding,True,True
photo_seed (265)_jpg.rf.BDa5LjoMh3K5kZzIN1WT.jpg,train,seeding,True,True
photo_seed (266)_jpg.rf.cfBrfHiD3Yua0JvVYAw2.jpg,train,seeding,True,True
photo_seed (267)_jpg.rf.ZHM1Y2RuHlNoLudCi6OQ.jpg,train,seeding,True,True
photo_seed (268)_jpg.rf.7W9PtSQJLtHbi2lOx6OA.jpg,train,seeding,True,True
photo_seed (269)_jpg.rf.XiQYTSU6KzTFa3Row3iZ.jpg,train,seeding,True,True
photo_seed (27)_jpg.rf.9ce2wHTHJlBfWDoLxnOO.jpg,train,seeding,True,True
photo_seed (270)_jpg.rf.Fzi5MxGMqeT4AeDxyuWu.jpg,train,seeding,True,True
photo_seed (271)_jpg.rf.hyXiID7egcCyCWCn1NUJ.jpg,train,seeding,True,True
photo_seed (272)_jpg.rf.okf4qWwvjBkr9VI3wAic.jpg,train,seeding,True,True
photo_seed (273)_jpg.rf.KvlYmr8WgwY2ip8cTolV.jpg,train,seeding,True,True
photo_seed (275)_jpg.rf.ShZV8ff4wkLHJtbyaJq7.jpg,train,seeding,True,True
photo_seed (276)_jpg.rf.ZqWRZbvgaSj1kPSbCS42.jpg,train,seeding,True,True
photo_seed (277)_jpg.rf.OO9zwIZ41Sh2LZex8H67.jpg,train,seeding,True,True
photo_seed (279)_jpg.rf.1bkYYaMeaxoz2nW6bIlV.jpg,train,seeding,True,True
photo_seed (280)_jpg.rf.oFzyfp53fO4rswsLhPaE.jpg,train,seeding,True,True
photo_seed (281)_jpg.rf.QB26rAKD3mzi0VHlaHBD.jpg,train,seeding,True,True
photo_seed (284)_jpg.rf.ya46mZWEB7PaHyr3Y4gw.jpg,train,seeding,True,True
photo_seed (285)_jpg.rf.FvIbMLRPj9ocNSHHbsBL.jpg,train,seeding,True,True
photo_seed (286)_jpg.rf.KRkFadXGhOGiUoO8k7Hk.jpg,train,seeding,True,True
photo_seed (287)_jpg.rf.JNf3naMghJyQVnZVBsSc.jpg,train,seeding,True,True
photo_seed (288)_jpg.rf.qJXId5z0EWjFTyqSmw35.jpg,train,seeding,True,True
photo_seed (289)_jpg.rf.nQAzic68TOS0fIfGvkdd.jpg,train,seeding,True,True
photo_seed (290)_jpg.rf.rxmSLnZirA0H9lDRM1hD.jpg,train,seeding,True,True
photo_seed (291)_jpg.rf.M59OMgVckRCJYoV7847V.jpg,train,seeding,True,True
photo_seed (292)_jpg.rf.hYR4Ot6egMGD3Z5xW471.jpg,train,seeding,True,True
photo_seed (293)_jpg.rf.xu1TZeRZgyOds8yjZKZk.jpg,train,seeding,True,True
photo_seed (294)_jpg.rf.62fK631giQE2G46D7lA6.jpg,train,seeding,True,True
photo_seed (296)_jpg.rf.m15Ouh4bYUPFrV3VDD48.jpg,train,seeding,True,True
photo_seed (297)_jpg.rf.Qz7xK8P2bYadkm39SZ4F.jpg,train,seeding,True,True
photo_seed (298)_jpg.rf.1Il0rdzxVuNUBEt2NK0t.jpg,train,seeding,True,True
photo_seed (299)_jpg.rf.Rzo9rZXtD7mhQMeibI5E.jpg,train,seeding,True,True
photo_seed (3)_jpg.rf.IwFz21vZ944cptrWay0f.jpg,train,seeding,True,True
photo_seed (30)_jpg.rf.fLDSRSCaL2Pozs3nxsUf.jpg,train,seeding,True,True
photo_seed (300)_jpg.rf.e75qRUZAqsW4lj2GDYZd.jpg,train,seeding,True,True
photo_seed (301)_jpg.rf.MjjsrpxssT62VkkqzL88.jpg,train,seeding,True,True
photo_seed (302)_jpg.rf.mHyjjI73DvLdQSlwIGl4.jpg,train,seeding,True,True
photo_seed (303)_jpg.rf.9RrtFIP0rbnM6A6c25BA.jpg,train,seeding,True,True
photo_seed (304)_jpg.rf.tdXLILySkjebLTqsWR3U.jpg,train,seeding,True,True
photo_seed (305)_jpg.rf.WVFfcQFfJrUPZDt3X4Ol.jpg,train,seeding,True,True
photo_seed (306)_jpg.rf.gQtxRIp6aSSqmtjB3KUO.jpg,train,seeding,True,True
photo_seed (307)_jpg.rf.qlclvUgYcabSjXkorgWS.jpg,train,seeding,True,True
photo_seed (310)_jpg.rf.8vgZWuywDvnYGYwSu7RK.jpg,train,seeding,True,True
photo_seed (311)_jpg.rf.klt4EgbBzc9DV4KLNiIA.jpg,train,seeding,True,True
photo_seed (312)_jpg.rf.WCITkLZ6mR2n3mlnDY0e.jpg,train,seeding,True,True
photo_seed (313)_jpg.rf.UtYgLh0PwuPynBdrrjy2.jpg,train,seeding,True,True
photo_seed (315)_jpg.rf.WMGr714jmST1SX0GymTR.jpg,train,seeding,True,True
photo_seed (317)_jpg.rf.ZrsuPY3bsuA3Ff834vDz.jpg,train,seeding,True,True
photo_seed (318)_jpg.rf.hKmYq5lqu8KJ1rTuHC0L.jpg,train,seeding,True,True
photo_seed (319)_jpg.rf.9UVYqZvKNMj6Ent2n9N1.jpg,train,seeding,True,True
photo_seed (320)_jpg.rf.a5SSHsQrd7qoONEuOX3X.jpg,train,seeding,True,True
photo_seed (321)_jpg.rf.t7f1psVdjf7Thkiw7WPg.jpg,train,seeding,True,True
photo_seed (322)_jpg.rf.egGLxkLKyrRjfFGcfXD4.jpg,train,seeding,True,True
photo_seed (323)_jpg.rf.ZVk8LMaTCbiD2oqfLUaT.jpg,train,seeding,True,True
photo_seed (324)_jpg.rf.LqrQw8lzrWv6R7o8XVic.jpg,train,seeding,True,True
photo_seed (325)_jpg.rf.6jV63axfsq6EiKlMKvUZ.jpg,train,seeding,True,True
photo_seed (326)_jpg.rf.fH6oQrwjWG2NrvXMA1Ml.jpg,train,seeding,True,True
photo_seed (327)_jpg.rf.EpDEbmkCmSPIIzKTXuwq.jpg,train,seeding,True,True
photo_seed (328)_jpg.rf.4D0TfJ3tFdtiu6sMDc0O.jpg,train,seeding,True,True
photo_seed (330)_jpg.rf.GXu55F0zs9vCDOQnkD9V.jpg,train,seeding,True,True
photo_seed (332)_jpg.rf.Dwjc4oECzxd8QH6coxyC.jpg,train,seeding,True,True
photo_seed (333)_jpg.rf.hplqmo1IaKjK2TjqiQXG.jpg,train,seeding,True,True
photo_seed (336)_jpg.rf.W9sGj34kOtEfvABylHn3.jpg,train,seeding,True,True
photo_seed (337)_jpg.rf.OrfmDJOLXFoAs6rgK6Cl.jpg,train,seeding,True,True
photo_seed (338)_jpg.rf.wTut9zXFyEbcs2Plta69.jpg,train,seeding,True,True
photo_seed (339)_jpg.rf.9Hig29CU4K1Nxz1QgYkv.jpg,train,seeding,True,True
photo_seed (341)_jpg.rf.aqRLpAQKK4CCklWOOZF0.jpg,train,seeding,True,True
photo_seed (342)_jpg.rf.HwdA3Uk0K9QoIWItomnh.jpg,train,seeding,True,True
photo_seed (343)_jpg.rf.PcGPVGmdMI9wGHj2nZq0.jpg,train,seeding,True,True
photo_seed (344)_jpg.rf.0yvCgtHJ4f5m1bMTDHjd.jpg,train,seeding,True,True
photo_seed (347)_jpg.rf.Vd6VQYdN4pjGqVrnyOvh.jpg,train,seeding,True,True
photo_seed (348)_jpg.rf.F5lsynj3nG1Zg9zOIFWr.jpg,train,seeding,True,True
photo_seed (35)_jpg.rf.jhguvE4DRoyjVJKHe3Qd.jpg,train,seeding,True,True
photo_seed (350)_jpg.rf.wXBYTAKJZURCY1UgJj5q.jpg,train,seeding,True,True
photo_seed (351)_jpg.rf.7yCQaKH60HzQvqFRrAMl.jpg,train,seeding,True,True
photo_seed (353)_jpg.rf.ewXy7JYfulAX0bESFDu9.jpg,train,seeding,True,True
photo_seed (354)_jpg.rf.Awg5OYdYQ76N7LRZYCbl.jpg,train,seeding,True,True
photo_seed (355)_jpg.rf.TOmdhDQgelKfUSRW6ziR.jpg,train,seeding,True,True
photo_seed (359)_jpg.rf.5iJsjGLovcJtg4LXb3cn.jpg,train,seeding,True,True
photo_seed (36)_jpg.rf.ztYQxCB0Vfyv2ThcMsW6.jpg,train,seeding,True,True
photo_seed (360)_jpg.rf.DRnCMralXGjRTPK8FX6a.jpg,train,seeding,True,True
photo_seed (361)_jpg.rf.cEYU2khVDeS0KM3yvU5g.jpg,train,seeding,True,True
photo_seed (363)_jpg.rf.9pRyJBj7mlfqctPzlWFK.jpg,train,seeding,True,True
photo_seed (366)_jpg.rf.gFNbMGIEpNQM8wgVpZMY.jpg,train,seeding,True,True
photo_seed (367)_jpg.rf.12sN3GSZLj8eLufip0QI.jpg,train,seeding,True,True
photo_seed (37)_jpg.rf.NRJHKbepL9sfeXDkwl9r.jpg,train,seeding,True,True
photo_seed (371)_jpg.rf.KXsfYSNSvuGERdT3zJiS.jpg,train,seeding,True,True
photo_seed (372)_jpg.rf.KkNwA1Bp7hCbSzvmrkvV.jpg,train,seeding,True,True
photo_seed (373)_jpg.rf.MRPa9abr0X53WOgEE6Jo.jpg,train,seeding,True,True
photo_seed (374)_jpg.rf.yAS0GTeagH8JXnTBQINc.jpg,train,seeding,True,True
photo_seed (375)_jpg.rf.OICYd5ud5PD7TTiiaE8a.jpg,train,seeding,True,True
photo_seed (376)_jpg.rf.X940KaLrOupFEQG5nEWA.jpg,train,seeding,True,True
photo_seed (377)_jpg.rf.Un5B2qYVHQ4a3pFJnHEd.jpg,train,seeding,True,True
photo_seed (378)_jpg.rf.U8wDHEDu36ZNIztEDZh9.jpg,train,seeding,True,True
photo_seed (379)_jpg.rf.T5yDw3rOXYEE0CcNmVwW.jpg,train,seeding,True,True
photo_seed (38)_jpg.rf.XAM2gCCHKwUzNhO8xxb2.jpg,train,seeding,True,True
photo_seed (380)_jpg.rf.xXoeHPAQsiE5AQ2Qzv9f.jpg,train,seeding,True,True
photo_seed (381)_jpg.rf.rkcJBlYgkmx4BxcRILsF.jpg,train,seeding,True,True
photo_seed (382)_jpg.rf.GluUgWqoGuyZ8cacboGY.jpg,train,seeding,True,True
photo_seed (383)_jpg.rf.MmkouvERfknMuguCQ9SP.jpg,train,seeding,True,True
photo_seed (386)_jpg.rf.hVaqwuZvyKKhcNqhOXPu.jpg,train,seeding,True,True
photo_seed (389)_jpg.rf.SVBb5JlU8YfRy7NTjEjW.jpg,train,seeding,True,True
photo_seed (4)_jpg.rf.ClqczHgDBrWF04mE3RVX.jpg,train,seeding,True,True
photo_seed (42)_jpg.rf.LH1lwOxiUfMkaZTIQRE3.jpg,train,seeding,True,True
photo_seed (43)_jpg.rf.hSS51fpX4EVNcm7N5xN9.jpg,train,seeding,True,True
photo_seed (44)_jpg.rf.pDV4zS6U0Q4ISt5XfPBc.jpg,train,seeding,True,True
photo_seed (46)_jpg.rf.8ZdDa66FWA0luvpGk0eS.jpg,train,seeding,True,True
photo_seed (47)_jpg.rf.oOVMHvsJ4cybyTGEQjQH.jpg,train,seeding,True,True
photo_seed (48)_jpg.rf.BHaifZr5QwvvFtkEWwRF.jpg,train,seeding,True,True
photo_seed (49)_jpg.rf.d0n2F34fPrLcVpO5Mnse.jpg,train,seeding,True,True
photo_seed (5)_jpg.rf.NH09JgJkbeB91KX3hZXc.jpg,train,seeding,True,True
photo_seed (51)_jpg.rf.e1FxyNfchQ5rtFF1kGP3.jpg,train,seeding,True,True
photo_seed (52)_jpg.rf.iMnMGDc61kX1sUq76W1a.jpg,train,seeding,True,True
photo_seed (53)_jpg.rf.cydqmPxEQOpg0sZZW2oW.jpg,train,seeding,True,True
photo_seed (54)_jpg.rf.ZDuXbHNxhZntgo62NXpy.jpg,train,seeding,True,True
photo_seed (55)_jpg.rf.6WjNnVNAeMo2ac88lOCX.jpg,train,seeding,True,True
photo_seed (56)_jpg.rf.SY2kRJRL4qpBzF14vBPm.jpg,train,seeding,True,True
photo_seed (57)_jpg.rf.7GaIfj67qktvp206SxgZ.jpg,train,seeding,True,True
photo_seed (58)_jpg.rf.7pPMX610dti7Tr2Gc5XY.jpg,train,seeding,True,True
photo_seed (59)_jpg.rf.wjVDrLsH6zqjCQDhdWjq.jpg,train,seeding,True,True
photo_seed (6)_jpg.rf.TC3BQFjhfpn5Tjb9Om2m.jpg,train,seeding,True,True
photo_seed (60)_jpg.rf.Ma96xQbajdnwNFwj76yO.jpg,train,seeding,True,True
photo_seed (64)_jpg.rf.d3jhVrI0lKPHwvq4tiQP.jpg,train,seeding,True,True
photo_seed (65)_jpg.rf.4IHLgugcyKrJvWWinZ2r.jpg,train,seeding,True,True
photo_seed (66)_jpg.rf.EKwaasGoTrGCl843vkQP.jpg,train,seeding,True,True
photo_seed (67)_jpg.rf.Rso3LuJJCxNxto8TK1J2.jpg,train,seeding,True,True
photo_seed (68)_jpg.rf.AsGLSDfWRu9YjWDeaLpq.jpg,train,seeding,True,True
photo_seed (69)_jpg.rf.ZuXL0h9aZx68PUQULfg4.jpg,train,seeding,True,True
photo_seed (7)_jpg.rf.MfREYwK5SeluPNJO2Pjj.jpg,train,seeding,True,True
photo_seed (70)_jpg.rf.jYQscsgsSJmBxkt79ozC.jpg,train,seeding,True,True
photo_seed (74)_jpg.rf.1DhHjGKFYbJj3vARiaM5.jpg,train,seeding,True,True
photo_seed (75)_jpg.rf.DK8FLN5z67CTJ0qJ7abJ.jpg,train,seeding,True,True
photo_seed (78)_jpg.rf.0czSS9YESZie24QZX25J.jpg,train,seeding,True,True
photo_seed (79)_jpg.rf.UOg51aiNR4kY7FXR8zNN.jpg,train,seeding,True,True
photo_seed (80)_jpg.rf.dKc2krxDiFuWK0dywS1u.jpg,train,seeding,True,True
photo_seed (82)_jpg.rf.T71HJ1iSYZy8SNVdUC2N.jpg,train,seeding,True,True
photo_seed (85)_jpg.rf.hIJ5lEEA1nlLUfYDBbFo.jpg,train,seeding,True,True
photo_seed (87)_jpg.rf.AeBUzMuc3uq4uASZPhnj.jpg,train,seeding,True,True
photo_seed (88)_jpg.rf.3YWFDB55hwmW7LxuKz3X.jpg,train,seeding,True,True
photo_seed (89)_jpg.rf.G480UJRgQgR9YAJNL2OP.jpg,train,seeding,True,True
photo_seed (9)_jpg.rf.GTtsPG0gZbG3Ahi7g1tS.jpg,train,seeding,True,True
photo_seed (90)_jpg.rf.y2erlkRGZYvtQI5U2h45.jpg,train,seeding,True,True
photo_seed (91)_jpg.rf.t6YyuRUBICoerCpINClU.jpg,train,seeding,True,True
photo_seed (92)_jpg.rf.EEQD3YaVnJKzTsA5XbLl.jpg,train,seeding,True,True
photo_seed (93)_jpg.rf.XAu4xBUaFKFZNeVpD5Fm.jpg,train,seeding,True,True
photo_seed (95)_jpg.rf.E6MN8T6RvIG0GZ4LMOG1.jpg,train,seeding,True,True
photo_seed (96)_jpg.rf.hJeunNH4xJjmzGhPio4c.jpg,train,seeding,True,True
photo_seed (97)_jpg.rf.BAQOFcJgrYYTkem0dFjw.jpg,train,seeding,True,True
photo_seed (99)_jpg.rf.iTYP8yIaSzjsa38ADTyI.jpg,train,seeding,True,True
photo_dev (10)_jpg.rf.ez6Fb6bIom3D8TwkirTH.jpg,valid,developing,True,True
photo_dev (116)_jpg.rf.8FxPfefEgcId5U5ske1T.jpg,valid,developing,True,True
photo_dev (148)_jpg.rf.KUxMJnPaxwpdjjCZYzFL.jpg,valid,developing,True,True
photo_dev (154)_jpg.rf.443R7bFfIxNUaMmDBZo2.jpg,valid,developing,True,True
photo_dev (165)_jpg.rf.bdgh9TQeKpWSlcmVDqid.jpg,valid,developing,True,True
photo_dev (170)_jpg.rf.XHKRcq5IQzDXR8j1Rfes.jpg,valid,developing,True,True
photo_dev (178)_jpg.rf.8N02Bgq3ehaZYEsirnae.jpg,valid,developing,True,True
photo_dev (195)_jpg.rf.S2pZ5f8Y7C4XNSf7EMLL.jpg,valid,developing,True,True
photo_dev (212)_jpg.rf.s8JSvfHkjVFlyHPsjTEE.jpg,valid,developing,True,True
photo_dev (215)_jpg.rf.fNDNPKROTL53mWbiMTsO.jpg,valid,developing,True,True
photo_dev (230)_jpg.rf.vBF9IARbSIimovwF7XAK.jpg,valid,developing,True,True
photo_dev (231)_jpg.rf.1T5rGHYbS7zsqvsWo5RN.jpg,valid,developing,True,True
photo_dev (247)_jpg.rf.8TZwXvjNu5mvWyW4lneF.jpg,valid,developing,True,True
photo_dev (251)_jpg.rf.qO1jGGnaQwLxCliYYB3D.jpg,valid,developing,True,True
photo_dev (38)_jpg.rf.CLha8TjeTODVDLuSpFSI.jpg,valid,developing,True,True
photo_dev (57)_jpg.rf.6kWOINakgZ2JSC7NjRDt.jpg,valid,developing,True,True
photo_dev (63)_jpg.rf.51fHenFJ8v3wff08I7rr.jpg,valid,developing,True,True
photo_dev (7)_jpg.rf.LaYyvKxaKj6T1d04LvjH.jpg,valid,developing,True,True
photo_dev (81)_jpg.rf.MQca1cYXcAmrhC625Ks6.jpg,valid,developing,True,True
photo_dev (96)_jpg.rf.ZsNgu0MIDd0nDBEBhtYN.jpg,valid,developing,True,True
photo_flow (11)_jpg.rf.BYAiSb186WfFnkQKbphv.jpg,valid,flowering,True,True
photo_flow (137)_jpg.rf.VG5NMKyVZnKxBsJ3Q5bb.jpg,valid,flowering,True,True
photo_flow (161)_jpg.rf.rxO51U9WHe8v0eSJQpek.jpg,valid,flowering,True,True
photo_flow (167)_jpg.rf.dmS5ldKL8pDedB0pDldX.jpg,valid,flowering,True,True
photo_flow (175)_jpg.rf.T9mc2spF3o6eYSYUvoNG.jpg,valid,flowering,True,True
photo_flow (219)_jpg.rf.aTETjI44pQRUA5DAKgtO.jpg,valid,flowering,True,True
photo_flow (221)_jpg.rf.MhBJgRu5Bmor0i49W1LT.jpg,valid,flowering,True,True
photo_flow (229)_jpg.rf.3b1AFUypMZDG2dkDECG9.jpg,valid,flowering,True,True
photo_flow (231)_jpg.rf.HONrrJEE890sAovq3wjn.jpg,valid,flowering,True,True
photo_flow (253)_jpg.rf.lgertKmoSNCqRISVKeo8.jpg,valid,flowering,True,True
photo_flow (254)_jpg.rf.23oksCWBtn6XHNDyUASh.jpg,valid,flowering,True,True
photo_flow (29)_jpg.rf.5DT3qdBqHPCqxgBEzRXo.jpg,valid,flowering,True,True
photo_flow (326)_jpg.rf.nfoXM4Pt9AsRgYifBqOX.jpg,valid,flowering,True,True
photo_flow (329)_jpg.rf.KDG441Q6Nb440Uy60R4W.jpg,valid,flowering,True,True
photo_flow (33)_jpg.rf.hBCLJh9LXrV3qaY1yugb.jpg,valid,flowering,True,True
photo_flow (330)_jpg.rf.73OjCZpPvuhX8vLQ61kB.jpg,valid,flowering,True,True
photo_flow (340)_jpg.rf.aEZi8Eug6XxUeVrXrIIQ.jpg,valid,flowering,True,True
photo_flow (361)_jpg.rf.56qbdCuWN8TlcWWf7846.jpg,valid,flowering,True,True
photo_flow (366)_jpg.rf.EmtwbDWOXtoALsh6QmQt.jpg,valid,flowering,True,True
photo_flow (377)_jpg.rf.LvNpNyhHcJllauUVZhC7.jpg,valid,flowering,True,True
photo_flow (392)_jpg.rf.jrHA15XePSW6U8XHt3qh.jpg,valid,flowering,True,True
photo_flow (408)_jpg.rf.zXE7i08U2bF2wyLxUrET.jpg,valid,flowering,True,True
photo_flow (418)_jpg.rf.XZzSnCwzvXtmSnTx1fW7.jpg,valid,flowering,True,True
photo_flow (431)_jpg.rf.As23MbWvvLbot5aBRr8E.jpg,valid,flowering,True,True
photo_flow (439)_jpg.rf.kGORzbU5IwXoQId2nvGN.jpg,valid,flowering,True,True
photo_flow (45)_jpg.rf.myEdWRotGNewdpI13UvF.jpg,valid,flowering,True,True
photo_flow (462)_jpg.rf.TwTlorL0d7jKMQoLN4nS.jpg,valid,flowering,True,True
photo_flow (477)_jpg.rf.4IyOJaIbFslt1Be6uo6o.jpg,valid,flowering,True,True
photo_flow (63)_jpg.rf.QbRrpILW9VBNOG9KJijM.jpg,valid,flowering,True,True
photo_flow (83)_jpg.rf.7BTZjqFUj2itKOGwZsiB.jpg,valid,flowering,True,True
photo_fruit (119)_jpg.rf.hefP2P2x3hONc1juRia3.jpg,valid,fruiting,True,True
photo_fruit (123)_jpg.rf.C49F66G06M3jp5usva1o.jpg,valid,fruiting,True,True
photo_fruit (127)_jpg.rf.Q8Ur7TJRcSOUK1k5fdfN.jpg,valid,fruiting,True,True
photo_fruit (136)_jpg.rf.9oSOZXkL0T7TGiYXyvTr.jpg,valid,fruiting,True,True
photo_fruit (179)_jpg.rf.MVIn74jLJsZOjQbd7diX.jpg,valid,fruiting,True,True
photo_fruit (207)_jpg.rf.0uPzGBQPTKMYT3a3m4v8.jpg,valid,fruiting,True,True
photo_fruit (29)_jpg.rf.60L22dC1DfBZLeKpe6aV.jpg,valid,fruiting,True,True
photo_fruit (339)_jpg.rf.2OgRbgO7ZCAelGEJ65xv.jpg,valid,fruiting,True,True
photo_fruit (83)_jpg.rf.GP6kKydYkiD82LRhdTfC.jpg,valid,fruiting,True,True
photo_seed (100)_jpg.rf.PfI4NzRp87Imt4eaB8Cd.jpg,valid,seeding,True,True
photo_seed (106)_jpg.rf.KxTCctJDSktTjQK4ZRK6.jpg,valid,seeding,True,True
photo_seed (109)_jpg.rf.yNhUyK9lBAQ0JQ9pWiGZ.jpg,valid,seeding,True,True
photo_seed (111)_jpg.rf.X8nvyIY7ZYYvOHiPmYkX.jpg,valid,seeding,True,True
photo_seed (119)_jpg.rf.6E5UWvWzMRqAqDaKTnVc.jpg,valid,seeding,True,True
photo_seed (127)_jpg.rf.aE3vDJPvlHAshOzhzISB.jpg,valid,seeding,True,True
photo_seed (129)_jpg.rf.s4rLTdAfjlKysa8rUj0U.jpg,valid,seeding,True,True
photo_seed (130)_jpg.rf.T5pMxM991OetDFNZs6ah.jpg,valid,seeding,True,True
photo_seed (132)_jpg.rf.LaOjdgkp1nYCZTyk7zty.jpg,valid,seeding,True,True
photo_seed (133)_jpg.rf.pMMpexD0g10sSOojfoxS.jpg,valid,seeding,True,True
photo_seed (136)_jpg.rf.ZaGl6cfpr4QJCCeZ2R1Q.jpg,valid,seeding,True,True
photo_seed (139)_jpg.rf.jbDS5TFpTlfsIkFXRmeE.jpg,valid,seeding,True,True
photo_seed (145)_jpg.rf.Jvz5d5dk3LcL2HSY6ftG.jpg,valid,seeding,True,True
photo_seed (149)_jpg.rf.kQ1lrBsd0ShBSV5BtAvH.jpg,valid,seeding,True,True
photo_seed (152)_jpg.rf.FLn1LU6qTgM8BqM7qeB5.jpg,valid,seeding,True,True
photo_seed (158)_jpg.rf.NRwSHN0BkeMrECcNxuBU.jpg,valid,seeding,True,True
photo_seed (16)_jpg.rf.YWk6pFL7NqM1Uwm07XOm.jpg,valid,seeding,True,True
photo_seed (162)_jpg.rf.BfshwSTp50tFBpYild6p.jpg,valid,seeding,True,True
photo_seed (163)_jpg.rf.S3AezHSSOndy0iFhI25D.jpg,valid,seeding,True,True
photo_seed (164)_jpg.rf.APP6FNgbiKARQjKomM9n.jpg,valid,seeding,True,True
photo_seed (166)_jpg.rf.zXPet4GtCXd7pa6lej19.jpg,valid,seeding,True,True
photo_seed (168)_jpg.rf.YTQPJyZJ3G6UM39QGgNm.jpg,valid,seeding,True,True
photo_seed (170)_jpg.rf.oaipLggzs5VfTDImmDkF.jpg,valid,seeding,True,True
photo_seed (176)_jpg.rf.0O9ERN22JN0w48T3k6wc.jpg,valid,seeding,True,True
photo_seed (199)_jpg.rf.ab51R1Us3XIifyMhnhrJ.jpg,valid,seeding,True,True
photo_seed (200)_jpg.rf.Wzaifo3LaDJcf9dIHENj.jpg,valid,seeding,True,True
photo_seed (204)_jpg.rf.xEKMcXYm56wpvclrl94T.jpg,valid,seeding,True,True
photo_seed (206)_jpg.rf.vP7fDNqjN6WLPZw3Brqp.jpg,valid,seeding,True,True
photo_seed (207)_jpg.rf.8pbduuQteDhjicu0H52k.jpg,valid,seeding,True,True
photo_seed (211)_jpg.rf.hxJ4tSYF2r3pLZYCfe47.jpg,valid,seeding,True,True
photo_seed (217)_jpg.rf.oiBh19V3FsGU5dp7h24l.jpg,valid,seeding,True,True
photo_seed (223)_jpg.rf.GrS6SFy7xNASLm0LzQqr.jpg,valid,seeding,True,True
photo_seed (239)_jpg.rf.pAXtJfVzRC7dpUIKF6AQ.jpg,valid,seeding,True,True
photo_seed (241)_jpg.rf.hEgufAwYOl71RYMcV7rV.jpg,valid,seeding,True,True
photo_seed (247)_jpg.rf.EYQxR5wk3cNGb72j1onq.jpg,valid,seeding,True,True
photo_seed (249)_jpg.rf.4gqLhGRRyb5NCdsSVow5.jpg,valid,seeding,True,True
photo_seed (256)_jpg.rf.LX4ZkLmoZYkFFsIDyV6v.jpg,valid,seeding,True,True
photo_seed (260)_jpg.rf.FqFKLFGWLvE80o344eqN.jpg,valid,seeding,True,True
photo_seed (274)_jpg.rf.vidJW8REWwkU3o5Fip88.jpg,valid,seeding,True,True
photo_seed (278)_jpg.rf.g5VBwMZVwlMBBgz3uh0D.jpg,valid,seeding,True,True
photo_seed (282)_jpg.rf.4ZrowOyZT96mzqosBYQA.jpg,valid,seeding,True,True
photo_seed (283)_jpg.rf.052VqccTXQuvoGIj7kQy.jpg,valid,seeding,True,True
photo_seed (29)_jpg.rf.M2lLndHaGOG7Z0EHI0wU.jpg,valid,seeding,True,True
photo_seed (295)_jpg.rf.iGuQaSO4QlWZ4jRmbxJC.jpg,valid,seeding,True,True
photo_seed (308)_jpg.rf.WHmKJMnkr1HdokmjFCZh.jpg,valid,seeding,True,True
photo_seed (309)_jpg.rf.D9oKppXT7XsamKTWo6Ew.jpg,valid,seeding,True,True
photo_seed (33)_jpg.rf.vH9sNA8Gp0EgQui56WNT.jpg,valid,seeding,True,True
photo_seed (331)_jpg.rf.ZjGnuZ1U3M9AQfBhK4Iw.jpg,valid,seeding,True,True
photo_seed (335)_jpg.rf.MCTa51WEdMasNMvYlIkq.jpg,valid,seeding,True,True
photo_seed (340)_jpg.rf.rzR6QGhdZbPLmwYlUdrD.jpg,valid,seeding,True,True
photo_seed (345)_jpg.rf.EIUr0ZutXMtaXzDrsQFD.jpg,valid,seeding,True,True
photo_seed (346)_jpg.rf.lmWnRXS0JPZc523fafna.jpg,valid,seeding,True,True
photo_seed (349)_jpg.rf.bmUDKoJp3ICbdySvset3.jpg,valid,seeding,True,True
photo_seed (352)_jpg.rf.mKbby6d8KdJrzYdeS1QB.jpg,valid,seeding,True,True
photo_seed (356)_jpg.rf.19HGnjcgVZU9qzv2jtz5.jpg,valid,seeding,True,True
photo_seed (357)_jpg.rf.HuPpQKtFeTvKRQVCtKkT.jpg,valid,seeding,True,True
photo_seed (358)_jpg.rf.0tJ3Z5ChYCgstF6yOfC4.jpg,valid,seeding,True,True
photo_seed (362)_jpg.rf.0arYE4sBBVHIdIqCFDJV.jpg,valid,seeding,True,True
photo_seed (364)_jpg.rf.rUcXHqYZnudHDJJfldlK.jpg,valid,seeding,True,True
photo_seed (365)_jpg.rf.si5lNPgkP8NI3VWEvyt1.jpg,valid,seeding,True,True
photo_seed (369)_jpg.rf.Le3cbyDEf5mSRFUczwaP.jpg,valid,seeding,True,True
photo_seed (385)_jpg.rf.RUKDmCpQOsPYK1E9tsVf.jpg,valid,seeding,True,True
photo_seed (388)_jpg.rf.GzcR300tFyNokHtyZ16I.jpg,valid,seeding,True,True
photo_seed (40)_jpg.rf.KzTNstck4AFpzFMZrOIQ.jpg,valid,seeding,True,True
photo_seed (41)_jpg.rf.eaxdDGMSx3xE4eUPApgS.jpg,valid,seeding,True,True
photo_seed (50)_jpg.rf.u17ST1X7pPbIDBN1b0l9.jpg,valid,seeding,True,True
photo_seed (61)_jpg.rf.u5PaumCPdr269ijkmojV.jpg,valid,seeding,True,True
photo_seed (62)_jpg.rf.TUvzHVqAP6WBdPpjeUfu.jpg,valid,seeding,True,True
photo_seed (71)_jpg.rf.SiccM4uMhJxhwBdomg9y.jpg,valid,seeding,True,True
photo_seed (73)_jpg.rf.jYdbMKJfxC5d2LIMZl6I.jpg,valid,seeding,True,True
photo_seed (76)_jpg.rf.EPhsWtmjbxKs09EFh65O.jpg,valid,seeding,True,True
photo_seed (77)_jpg.rf.KdIHPHwbtolvjtHF7ACg.jpg,valid,seeding,True,True
photo_seed (81)_jpg.rf.wRAwFQavr9Tzucky1rRt.jpg,valid,seeding,True,True
photo_seed (83)_jpg.rf.ec82wqBIc1Vx4AzCawvJ.jpg,valid,seeding,True,True
photo_seed (84)_jpg.rf.NcjdZaDRka292Zr3z1MD.jpg,valid,seeding,True,True
photo_seed (86)_jpg.rf.LV1Ypc7iNABMle9yslou.jpg,valid,seeding,True,True
photo_dev (103)_jpg.rf.RWQrfFCEy7p25IXgGCmv.jpg,test,developing,True,True
photo_dev (105)_jpg.rf.3NfhXjBV6AbRwed52X0a.jpg,test,developing,True,True
photo_dev (110)_jpg.rf.u1FamS2UASM9x8C0OBuA.jpg,test,developing,True,True
photo_dev (117)_jpg.rf.R4PgPoxztqDX741BLJhY.jpg,test,developing,True,True
photo_dev (13)_jpg.rf.OdDShvsZNvOiHWprNo0u.jpg,test,developing,True,True
photo_dev (131)_jpg.rf.wH3mj9JxlWRGZuSO0Kih.jpg,test,developing,True,True
photo_dev (134)_jpg.rf.Mhs1hBr1dVlr3eCvezQ8.jpg,test,developing,True,True
photo_dev (14)_jpg.rf.jhdY8vhs1obFoFFY7gfv.jpg,test,developing,True,True
photo_dev (141)_jpg.rf.5ez9ACOEOU9Kk8XNBmjK.jpg,test,developing,True,True
photo_dev (149)_jpg.rf.TPkWhgPIQkyU8gBXaGJP.jpg,test,developing,True,True
photo_dev (158)_jpg.rf.8wCFUMSf9ldrBlakQ8KG.jpg,test,developing,True,True
photo_dev (162)_jpg.rf.JPQO0P8KQISXLLmm3LQb.jpg,test,developing,True,True
photo_dev (164)_jpg.rf.A6XFq6GfzmBtZsDUBSyY.jpg,test,developing,True,True
photo_dev (167)_jpg.rf.mYZayXVnErrEYiDr0j7C.jpg,test,developing,True,True
photo_dev (180)_jpg.rf.5M7Y8D0Ho7TT5OoACxYU.jpg,test,developing,True,True
photo_dev (186)_jpg.rf.dkiCsJQ7R1Y7H0VoEJhE.jpg,test,developing,True,True
photo_dev (187)_jpg.rf.N4Pr6SUoRfXPCWTcjqW8.jpg,test,developing,True,True
photo_dev (188)_jpg.rf.gQZfqhIgHuxuf9eSEOZ9.jpg,test,developing,True,True
photo_dev (189)_jpg.rf.escAjGGu0nu52B6vKP5e.jpg,test,developing,True,True
photo_dev (191)_jpg.rf.oGxXEQWR3N4ptgNsXQmG.jpg,test,developing,True,True
photo_dev (196)_jpg.rf.JtvuOEHpKSAStdWQNwbF.jpg,test,developing,True,True
photo_dev (199)_jpg.rf.YXmz3BZqt0nz0XG9R1N6.jpg,test,developing,True,True
photo_dev (20)_jpg.rf.XnFtKTQF43fRlg6c8Avx.jpg,test,developing,True,True
photo_dev (206)_jpg.rf.Rkq6wws77rD4Utj4ONRw.jpg,test,developing,True,True
photo_dev (21)_jpg.rf.vXTCl0leT2YySYBGGOrL.jpg,test,developing,True,True
photo_dev (213)_jpg.rf.somLAJ1LlPQQvNhuzLHb.jpg,test,developing,True,True
photo_dev (218)_jpg.rf.QhFGJvxFH39u2bARiusw.jpg,test,developing,True,True
photo_dev (227)_jpg.rf.WHlx8jQEC25vesmp5kGX.jpg,test,developing,True,True
photo_dev (232)_jpg.rf.TV8ktPk0E660geIkq71y.jpg,test,developing,True,True
photo_dev (235)_jpg.rf.ahGvJb9z3Whi6sSplBSs.jpg,test,developing,True,True
photo_dev (244)_jpg.rf.F55tIzLTdpRMypdtK8rh.jpg,test,developing,True,True
photo_dev (34)_jpg.rf.98Z4WOxwGtwjAdc8Oc77.jpg,test,developing,True,True
photo_dev (39)_jpg.rf.oMSpyttau5kbrm2HW8c1.jpg,test,developing,True,True
photo_dev (40)_jpg.rf.UJqgAC199H79cimsDS96.jpg,test,developing,True,True
photo_dev (43)_jpg.rf.WnYU9f3jVQ6iEK0k7ws3.jpg,test,developing,True,True
photo_dev (5)_jpg.rf.3fe5Q03GdbBpikKVehmF.jpg,test,developing,True,True
photo_dev (62)_jpg.rf.AtmMvowYdg2PLdbpNTn9.jpg,test,developing,True,True
photo_dev (83)_jpg.rf.svMk7cACIx9up0C3VZzn.jpg,test,developing,True,True
photo_dev (9)_jpg.rf.A5bpJpod7rtPFdiSk985.jpg,test,developing,True,True
photo_dev (90)_jpg.rf.O6zvzTwM5hwlK1mQ0XgA.jpg,test,developing,True,True
photo_dev (91)_jpg.rf.yJRebDVmGRlAcLPWHryK.jpg,test,developing,True,True
photo_flow (113)_jpg.rf.l5mObwIGiNkkajMCJmtH.jpg,test,flowering,True,True
photo_flow (121)_jpg.rf.M6ADR6ysshyAE0D2pFZv.jpg,test,flowering,True,True
photo_flow (129)_jpg.rf.5MYNognnNweyeep3Z6PD.jpg,test,flowering,True,True
photo_flow (147)_jpg.rf.5Zs4Hu4lasKWWMbfwDRt.jpg,test,flowering,True,True
photo_flow (16)_jpg.rf.8U2aKH0YieRidkYQg6RV.jpg,test,flowering,True,True
photo_flow (165)_jpg.rf.weowNFqvEvfvgvfPAdju.jpg,test,flowering,True,True
photo_flow (173)_jpg.rf.vQzzDHQdZKRDsDF0xfUX.jpg,test,flowering,True,True
photo_flow (181)_jpg.rf.RqQ8WuMozG6Dk1zGQKbk.jpg,test,flowering,True,True
photo_flow (189)_jpg.rf.0O8usQDID6KtfB0n7sd0.jpg,test,flowering,True,True
photo_flow (193)_jpg.rf.3iN9fP1gFOJt2hNTZ33T.jpg,test,flowering,True,True
photo_flow (201)_jpg.rf.JlzS8gWvi0AaPNBdKwdx.jpg,test,flowering,True,True
photo_flow (213)_jpg.rf.sDQMsoQdi9bawFtxEfIR.jpg,test,flowering,True,True
photo_flow (220)_jpg.rf.asTweo1gBFy5hdpq3May.jpg,test,flowering,True,True
photo_flow (223)_jpg.rf.ujdPE86nh1wcA1LDyXOJ.jpg,test,flowering,True,True
photo_flow (245)_jpg.rf.tCtyyVLPEoXow5zPLnwK.jpg,test,flowering,True,True
photo_flow (255)_jpg.rf.4yjycqQjngnLgLcVWZGv.jpg,test,flowering,True,True
photo_flow (256)_jpg.rf.Vv81WlSNbPULr4Z3RqNv.jpg,test,flowering,True,True
photo_flow (264)_jpg.rf.EU0AZnExOms4Rygep075.jpg,test,flowering,True,True
photo_flow (265)_jpg.rf.nvkdgSe7zJ1UbOOQ345P.jpg,test,flowering,True,True
photo_flow (266)_jpg.rf.aQP5mu1YODc7Hgulg8dZ.jpg,test,flowering,True,True
photo_flow (269)_jpg.rf.j2WwZj3rnxa5Fyh3dVgz.jpg,test,flowering,True,True
photo_flow (272)_jpg.rf.afUjLj6PHXt0mMOJu9mz.jpg,test,flowering,True,True
photo_flow (293)_jpg.rf.3rvA0cCYp4vOxAEylqt4.jpg,test,flowering,True,True
photo_flow (295)_jpg.rf.0G5bPGo7cEHvbqxzCu59.jpg,test,flowering,True,True
photo_flow (298)_jpg.rf.3PZ9IMJ3b12aAi3eB2Hu.jpg,test,flowering,True,True
photo_flow (300)_jpg.rf.Buy7UvKGbRi4rJWuRrAv.jpg,test,flowering,True,True
photo_flow (304)_jpg.rf.8Q5777DHmix0df35oTWS.jpg,test,flowering,True,True
photo_flow (305)_jpg.rf.hkx15niUKkPA2kres7N0.jpg,test,flowering,True,True
photo_flow (311)_jpg.rf.6yGDdp4UyZyHygwDF66B.jpg,test,flowering,True,True
photo_flow (312)_jpg.rf.XCWY4Odt4oZf5XA0BHuV.jpg,test,flowering,True,True
photo_flow (314)_jpg.rf.Pkrb5CWlxIalLVP8FIQf.jpg,test,flowering,True,True
photo_flow (319)_jpg.rf.S9MgjJvdVDLpEz9Bv6Hl.jpg,test,flowering,True,True
photo_flow (32)_jpg.rf.vTUYPKC3LOpkHwbaJ289.jpg,test,flowering,True,True
photo_flow (327)_jpg.rf.n9pRIOQrbbOlDJvRKjEh.jpg,test,flowering,True,True
photo_flow (328)_jpg.rf.kh6ih4W7mRw1VzbErvpT.jpg,test,flowering,True,True
photo_flow (357)_jpg.rf.AuOFZaZKiYa0PlwzLeB0.jpg,test,flowering,True,True
photo_flow (37)_jpg.rf.Aw52DJ2MQcCALfVMsAQ7.jpg,test,flowering,True,True
photo_flow (378)_jpg.rf.hzEM8qDV0msJzEMEBIcJ.jpg,test,flowering,True,True
photo_flow (387)_jpg.rf.rgcguwbxMoS2x6mfLalC.jpg,test,flowering,True,True
photo_flow (394)_jpg.rf.EdBEpgoR6s23VnWeObtq.jpg,test,flowering,True,True
photo_flow (395)_jpg.rf.Eo67tl39sjTgjq0jxavu.jpg,test,flowering,True,True
photo_flow (396)_jpg.rf.rByTCSuH8BE1CSj90TBL.jpg,test,flowering,True,True
photo_flow (401)_jpg.rf.0YpcuhR52QXycikzZmEY.jpg,test,flowering,True,True
photo_flow (403)_jpg.rf.DsPc1VPrafWu0DB1U7rk.jpg,test,flowering,True,True
photo_flow (410)_jpg.rf.X4i93iinw7U8lW3hdiTk.jpg,test,flowering,True,True
photo_flow (430)_jpg.rf.VrkKhnxydfZzJkHKxUrw.jpg,test,flowering,True,True
photo_flow (444)_jpg.rf.FsRi2prrMi57GPpimMOY.jpg,test,flowering,True,True
photo_flow (454)_jpg.rf.inSa0SntwkumpVRQsLS7.jpg,test,flowering,True,True
photo_flow (476)_jpg.rf.FZK9nnsNeMjxgw1wgDx3.jpg,test,flowering,True,True
photo_flow (48)_jpg.rf.9OMLF8sSGbDfpRBTR5ds.jpg,test,flowering,True,True
photo_flow (483)_jpg.rf.AxeeD6nvyk19usW2LUi9.jpg,test,flowering,True,True
photo_flow (484)_jpg.rf.bEgbxgF3uBq2eRWdpSAL.jpg,test,flowering,True,True
photo_flow (493)_jpg.rf.QbAYak2F4rK1N50hj52e.jpg,test,flowering,True,True
photo_flow (496)_jpg.rf.S6UfSZUtveY4h5X5c7lZ.jpg,test,flowering,True,True
photo_flow (54)_jpg.rf.xpAMXUaqKfUQk5QcC0Kq.jpg,test,flowering,True,True
photo_flow (58)_jpg.rf.CtTqm5dhMR9qfMmIOphT.jpg,test,flowering,True,True
photo_flow (71)_jpg.rf.icTsrpllAkJaImotCNOz.jpg,test,flowering,True,True
photo_flow (87)_jpg.rf.THJIqPWKrBcbsEc0AnwC.jpg,test,flowering,True,True
photo_flow (91)_jpg.rf.52cpJ3razPY0hjX6ZTOA.jpg,test,flowering,True,True
photo_flow (97)_jpg.rf.2rV7xJQJ1UEyEuEKSpTw.jpg,test,flowering,True,True
photo_fruit (106)_jpg.rf.6pbVSwOrdAt0nH5gpNvQ.jpg,test,fruiting,True,True
photo_fruit (112)_jpg.rf.CgEtqAA3BucryXUNdFo5.jpg,test,fruiting,True,True
photo_fruit (114)_jpg.rf.hipQRPkTyiUNtxOsUWzk.jpg,test,fruiting,True,True
photo_fruit (124)_jpg.rf.27YH666B7o1ekC34gZXm.jpg,test,fruiting,True,True
photo_fruit (125)_jpg.rf.5Gt6dwSOnrF4syWXS4ir.jpg,test,fruiting,True,True
photo_fruit (13)_jpg.rf.P2DK0zVxDQg8A6KOTmVI.jpg,test,fruiting,True,True
photo_fruit (167)_jpg.rf.10TDbqh8MSQwrRtfcOWD.jpg,test,fruiting,True,True
photo_fruit (187)_jpg.rf.p48wy4lwP2KnfdG4yMyg.jpg,test,fruiting,True,True
photo_fruit (20)_jpg.rf.Mm9qZHUJfxxHZMcKLZYh.jpg,test,fruiting,True,True
photo_fruit (229)_jpg.rf.8namCVxsSbvQONbkbeje.jpg,test,fruiting,True,True
photo_fruit (266)_jpg.rf.MRUYxtBNQErpQ648jxJk.jpg,test,fruiting,True,True
photo_fruit (304)_jpg.rf.CNMNyzRao9ppP4ouZoD9.jpg,test,fruiting,True,True
photo_fruit (361)_jpg.rf.ISXglh0sTToStsokpcuL.jpg,test,fruiting,True,True
photo_fruit (371)_jpg.rf.OqDEHgE9bzZCM4YaecNT.jpg,test,fruiting,True,True
photo_fruit (56)_jpg.rf.ES2b9b2YDYsHwBlFCWye.jpg,test,fruiting,True,True
photo_fruit (61)_jpg.rf.lY8YfhHAb2f9e4lPRITx.jpg,test,fruiting,True,True
photo_fruit (62)_jpg.rf.wLMUqGV9BhDstUaX3mWZ.jpg,test,fruiting,True,True
photo_fruit (63)_jpg.rf.2opzOzjsDOZTiFk3jM4b.jpg,test,fruiting,True,True
photo_fruit (70)_jpg.rf.2A8WKcwEwWB7PJU4xGXZ.jpg,test,fruiting,True,True
photo_fruit (71)_jpg.rf.ULQfa6gW5Nj76epRgdgj.jpg,test,fruiting,True,True
photo_fruit (91)_jpg.rf.2KpTfnPCQkwZcDFJNdh8.jpg,test,fruiting,True,True
photo_seed (11)_jpg.rf.3friidHbnH7KQvhTDGUD.jpg,test,seeding,True,True
photo_seed (110)_jpg.rf.764tGim0GG7mHxTerBRE.jpg,test,seeding,True,True
photo_seed (112)_jpg.rf.uk6yZtShmULOQjxTGHj8.jpg,test,seeding,True,True
photo_seed (114)_jpg.rf.4vNVt4DsWl0gA1N0Vgkn.jpg,test,seeding,True,True
photo_seed (118)_jpg.rf.NjbKauEgNen5bJW9CdOK.jpg,test,seeding,True,True
photo_seed (12)_jpg.rf.ghLQaO04CDKKD67lR4NQ.jpg,test,seeding,True,True
photo_seed (121)_jpg.rf.pbMXMSFqxU3Al7mYP2PA.jpg,test,seeding,True,True
photo_seed (123)_jpg.rf.hc1i8KyOOrVS5zHKhLFH.jpg,test,seeding,True,True
photo_seed (175)_jpg.rf.WG8Y8wfB7642kuLkCOd8.jpg,test,seeding,True,True
photo_seed (177)_jpg.rf.J6IiCVGBBTlJDKU1aEZP.jpg,test,seeding,True,True
photo_seed (183)_jpg.rf.mrZPn54HWqkcA7OWQS6d.jpg,test,seeding,True,True
photo_seed (193)_jpg.rf.L1zWz4Mj3Md9cN7L4Get.jpg,test,seeding,True,True
photo_seed (197)_jpg.rf.nxpacaFYaHheDtq4ZXL0.jpg,test,seeding,True,True
photo_seed (198)_jpg.rf.DNQoQ7g9SjEwtKcPtlBw.jpg,test,seeding,True,True
photo_seed (202)_jpg.rf.TFV7E3ykGqY2NvFFyWaP.jpg,test,seeding,True,True
photo_seed (205)_jpg.rf.tSWEH8S3LoYcF3z6GdFE.jpg,test,seeding,True,True
photo_seed (213)_jpg.rf.1FEU29ZdGcMK0AQIFS0z.jpg,test,seeding,True,True
photo_seed (220)_jpg.rf.Xoa2GfTQJw0ip5hDyhpa.jpg,test,seeding,True,True
photo_seed (225)_jpg.rf.DlPtkwiAvQ4lemktU32s.jpg,test,seeding,True,True
photo_seed (231)_jpg.rf.fnsog0qv4YRWBUyeHK5I.jpg,test,seeding,True,True
photo_seed (246)_jpg.rf.eovg4TJ4yTRbrsT6hMzt.jpg,test,seeding,True,True
photo_seed (263)_jpg.rf.xaTs5766RPy2gzCDl1zP.jpg,test,seeding,True,True
photo_seed (264)_jpg.rf.iMoKm6GemZhRNVmgnFMJ.jpg,test,seeding,True,True
photo_seed (28)_jpg.rf.CD5jRqwkes8Xjpfm8yuD.jpg,test,seeding,True,True
photo_seed (31)_jpg.rf.zU174n3dnuAyB6DrVv1F.jpg,test,seeding,True,True
photo_seed (314)_jpg.rf.sJkUTITKyVHnxyZJI86H.jpg,test,seeding,True,True
photo_seed (316)_jpg.rf.EXsV5i6SfOdVaTbooopq.jpg,test,seeding,True,True
photo_seed (32)_jpg.rf.6XuZvZf392XTrdQi9uru.jpg,test,seeding,True,True
photo_seed (329)_jpg.rf.krhrUZa1PfOHBdlsdYXC.jpg,test,seeding,True,True
photo_seed (334)_jpg.rf.JUzK5PzMQho6ho9cjxcg.jpg,test,seeding,True,True
photo_seed (368)_jpg.rf.EZ1CKoGMfkr6bfrowoZq.jpg,test,seeding,True,True
photo_seed (370)_jpg.rf.D7w84vT1BrhnBVBsHRoL.jpg,test,seeding,True,True
photo_seed (384)_jpg.rf.NL6OsTgYpYUNBveilMOb.jpg,test,seeding,True,True
photo_seed (387)_jpg.rf.2EKRJMuMoixvbmnGDcTV.jpg,test,seeding,True,True
photo_seed (45)_jpg.rf.qGxXdrDFprrSdYeCiAqx.jpg,test,seeding,True,True
photo_seed (63)_jpg.rf.rZjuh4iEZDMEdfMvP93z.jpg,test,seeding,True,True
photo_seed (72)_jpg.rf.c9sX8wonEQEF4s7jF2jB.jpg,test,seeding,True,True
photo_seed (98)_jpg.rf.4eOWR4dmJA8qttXXgMHI.jpg,test,seeding,True,True
